id,first_name,last_name,email,gender,pet_name,birth_year
1,Bruce,Montgomery,amontgomery0@tuttocitta.it,Male,Antonio,09/13/1968
2,Lori,Kim,mkim1@theatlantic.com,Female,Mildred,01/21/1935
3,Lawrence,Moreno,pmoreno2@aboutads.info,Male,Patrick,04/15/1938
4,Rachel,Patterson,dpatterson3@google.ru,Female,Deborah,12/10/1997
5,Heather,Mitchell,lmitchell4@sogou.com,Female,Lois,02/25/1968
6,Angela,Hunter,bhunter5@cbc.ca,Female,Bonnie,03/07/1959
7,Cheryl,Fox,sfox6@newsvine.com,Female,Shirley,09/09/1957
8,Angela,Sullivan,bsullivan7@foxnews.com,Female,Bonnie,09/19/1997
9,Dorothy,Miller,dmiller8@sfgate.com,Female,Diane,01/23/2004
10,Kathy,Wilson,mwilson9@bbc.co.uk,Female,Melissa,08/27/1974
11,Marie,Reid,areida@unc.edu,Female,Ashley,05/21/1946
12,Craig,Cooper,mcooperb@kickstarter.com,Male,Martin,01/10/1950
13,Fred,Hayes,bhayesc@slate.com,Male,Brian,09/07/1996
14,Ruth,Watson,awatsond@lulu.com,Female,Amy,02/08/1935
15,Judith,Russell,jrusselle@businessweek.com,Female,Janice,06/19/1995
16,Jessica,Ellis,sellisf@infoseek.co.jp,Female,Sandra,04/26/2014
17,Arthur,Hamilton,dhamiltong@redcross.org,Male,Dennis,02/16/1947
18,Tammy,Bennett,mbennetth@jiathis.com,Female,Martha,02/01/1950
19,Jonathan,Johnson,gjohnsoni@imdb.com,Male,Gerald,06/08/1971
20,Edward,Mason,kmasonj@va.gov,Male,Kevin,04/27/1992
21,Jonathan,Mason,emasonk@quantcast.com,Male,Ernest,06/24/2006
22,Carl,Diaz,hdiazl@businesswire.com,Male,Harold,06/15/1942
23,Diane,Ferguson,hfergusonm@squarespace.com,Female,Helen,02/27/2004
24,Juan,Bradley,ebradleyn@yellowpages.com,Male,Edward,03/03/1962
25,Brenda,Bell,jbello@hao123.com,Female,Judy,10/13/1929
26,Betty,Warren,jwarrenp@sbwire.com,Female,Janice,06/07/1922
27,Jean,James,ljamesq@artisteer.com,Female,Louise,09/18/1970
28,Robert,Fields,tfieldsr@mozilla.org,Male,Todd,03/17/1927
29,Nancy,Walker,mwalkers@cargocollective.com,Female,Michelle,06/11/1990
30,Kathy,Mitchell,tmitchellt@myspace.com,Female,Tina,11/25/1961
31,Robert,Wheeler,jwheeleru@typepad.com,Male,James,01/31/1926
32,Johnny,Rivera,rriverav@1688.com,Male,Ralph,08/08/1994
33,Raymond,Powell,bpowellw@barnesandnoble.com,Male,Billy,08/16/1990
34,Pamela,Sims,isimsx@berkeley.edu,Female,Irene,07/26/1945
35,Betty,Cruz,icruzy@mayoclinic.com,Female,Irene,05/13/1923
36,Marilyn,Carter,ccarterz@phoca.cz,Female,Cynthia,07/09/1947
37,Walter,Diaz,adiaz10@mapy.cz,Male,Aaron,09/03/1947
38,William,Hansen,ahansen11@ibm.com,Male,Andrew,06/21/1998
39,Shirley,Wheeler,swheeler12@craigslist.org,Female,Sarah,05/24/1994
40,Sarah,Olson,wolson13@twitter.com,Female,Wanda,11/16/1967
41,Larry,Chavez,jchavez14@naver.com,Male,Jack,11/26/1936
42,Daniel,Perkins,wperkins15@dot.gov,Male,Willie,11/10/1942
43,Louis,Adams,cadams16@stumbleupon.com,Male,Carl,04/28/2005
44,Johnny,Hansen,bhansen17@omniture.com,Male,Brian,04/28/1973
45,Russell,Murray,rmurray18@ibm.com,Male,Ralph,12/25/1994
46,Beverly,Hicks,ahicks19@uiuc.edu,Female,Anna,09/28/2014
47,Willie,Reid,vreid1a@pagesperso-orange.fr,Male,Victor,10/25/1922
48,Phyllis,Holmes,lholmes1b@weebly.com,Female,Lillian,10/08/1947
49,Louise,Diaz,jdiaz1c@disqus.com,Female,Judy,09/28/1957
50,Terry,Burton,aburton1d@theglobeandmail.com,Male,Adam,09/29/1949
51,Willie,Oliver,goliver1e@vistaprint.com,Male,Gary,05/06/1969
52,Anne,Matthews,dmatthews1f@blogger.com,Female,Deborah,07/16/2000
53,Kathleen,Williamson,jwilliamson1g@latimes.com,Female,Joyce,05/27/1995
54,Rachel,Flores,jflores1h@sfgate.com,Female,Judy,04/14/1936
55,Matthew,Diaz,mdiaz1i@wikispaces.com,Male,Martin,11/30/1936
56,Lillian,Moore,jmoore1j@woothemes.com,Female,Julie,08/02/1988
57,Steven,Taylor,htaylor1k@google.co.jp,Male,Howard,10/19/1933
58,Amy,Evans,jevans1l@ycombinator.com,Female,Joan,02/04/1954
59,Juan,Nichols,dnichols1m@behance.net,Male,Donald,01/09/2001
60,Sarah,James,bjames1n@icio.us,Female,Bonnie,10/18/1961
61,Rose,Carpenter,jcarpenter1o@clickbank.net,Female,Julie,04/13/1980
62,Joshua,Murphy,rmurphy1p@github.com,Male,Robert,06/25/2004
63,Bobby,Hughes,ghughes1q@webmd.com,Male,Gregory,02/14/2014
64,Norma,Hunt,thunt1r@wired.com,Female,Tammy,04/24/1953
65,Kevin,Meyer,cmeyer1s@meetup.com,Male,Craig,05/30/1987
66,Russell,Greene,jgreene1t@vk.com,Male,Jimmy,11/02/2009
67,Martin,Ross,kross1u@yandex.ru,Male,Keith,03/30/2006
68,Scott,Lynch,clynch1v@bloglovin.com,Male,Christopher,10/30/1951
69,Doris,Howard,bhoward1w@latimes.com,Female,Beverly,03/16/2002
70,Sarah,Butler,sbutler1x@yelp.com,Female,Sara,10/30/1952
71,Amanda,Dunn,edunn1y@nhs.uk,Female,Evelyn,04/20/1937
72,Rebecca,Marshall,dmarshall1z@cnbc.com,Female,Donna,10/04/1966
73,Debra,Morrison,bmorrison20@cdc.gov,Female,Brenda,02/27/1954
74,Shawn,Castillo,rcastillo21@tiny.cc,Male,Ralph,05/17/1990
75,Doris,Fox,kfox22@state.gov,Female,Karen,09/10/1975
76,William,Riley,driley23@4shared.com,Male,Donald,06/17/2004
77,Johnny,Foster,bfoster24@msn.com,Male,Benjamin,08/18/2007
78,Linda,Robertson,lrobertson25@com.com,Female,Linda,11/14/1957
79,Joyce,Ramos,hramos26@fc2.com,Female,Helen,11/23/1955
80,Linda,Cruz,lcruz27@princeton.edu,Female,Lori,06/12/1971
81,Maria,Jones,hjones28@go.com,Female,Heather,01/26/1946
82,Douglas,Medina,gmedina29@google.fr,Male,George,01/21/1953
83,Nancy,Jenkins,djenkins2a@cargocollective.com,Female,Diana,06/12/1982
84,Justin,Turner,rturner2b@ucsd.edu,Male,Randy,09/18/1976
85,Elizabeth,Stevens,vstevens2c@mayoclinic.com,Female,Virginia,07/08/1948
86,Wanda,Johnston,hjohnston2d@bbc.co.uk,Female,Heather,04/11/2005
87,Alice,Burns,sburns2e@smugmug.com,Female,Stephanie,09/07/1952
88,Stephanie,Gomez,tgomez2f@hubpages.com,Female,Teresa,08/06/1928
89,Amy,Hansen,chansen2g@patch.com,Female,Catherine,05/26/1932
90,Henry,Burton,rburton2h@cmu.edu,Male,Ronald,05/15/1947
91,Heather,Roberts,lroberts2i@pbs.org,Female,Lillian,08/12/1922
92,Judith,Bowman,jbowman2j@t.co,Female,Janet,11/02/2016
93,Richard,Oliver,goliver2k@kickstarter.com,Male,Gary,07/09/1966
94,Alice,Gardner,pgardner2l@elegantthemes.com,Female,Paula,07/14/1978
95,Christina,Lopez,mlopez2m@arstechnica.com,Female,Michelle,10/19/1968
96,Joyce,Ramos,hramos2n@istockphoto.com,Female,Heather,09/20/2011
97,Julia,King,lking2o@pbs.org,Female,Louise,06/02/1980
98,Bonnie,Phillips,aphillips2p@examiner.com,Female,Alice,01/26/1922
99,Cynthia,Stephens,jstephens2q@gravatar.com,Female,Julia,01/18/1985
100,Kathy,King,aking2r@phoca.cz,Female,Annie,09/03/2004
101,Shirley,Berry,tberry2s@homestead.com,Female,Theresa,07/10/1943
102,Sean,Jones,sjones2t@stanford.edu,Male,Stephen,08/06/1940
103,Samuel,Griffin,jgriffin2u@state.gov,Male,Johnny,02/07/1943
104,Todd,Jackson,ajackson2v@netscape.com,Male,Antonio,06/16/2006
105,Jerry,Hall,dhall2w@jalbum.net,Male,Dennis,12/22/1972
106,Mildred,Harrison,jharrison2x@cdbaby.com,Female,Janet,06/06/2015
107,Jacqueline,Miller,jmiller2y@amazonaws.com,Female,Jane,03/15/1992
108,Scott,Warren,rwarren2z@hc360.com,Male,Ralph,05/04/2002
109,Nicole,Russell,crussell30@ftc.gov,Female,Christine,09/13/1953
110,Ashley,Black,kblack31@themeforest.net,Female,Kimberly,12/17/1935
111,Sandra,Nichols,bnichols32@virginia.edu,Female,Barbara,07/11/1923
112,David,Johnston,ajohnston33@comsenz.com,Male,Anthony,08/18/1923
113,Keith,Henry,shenry34@columbia.edu,Male,Sean,03/19/1992
114,Joan,Willis,jwillis35@google.ru,Female,Jean,06/24/2005
115,Lois,Webb,vwebb36@github.com,Female,Virginia,08/12/1960
116,Louise,Jacobs,kjacobs37@dion.ne.jp,Female,Kimberly,09/22/1994
117,Antonio,Wallace,gwallace38@nyu.edu,Male,Gary,03/24/1964
118,Virginia,Hart,jhart39@alexa.com,Female,Jennifer,04/26/2007
119,Jimmy,Ruiz,wruiz3a@deviantart.com,Male,Walter,06/10/2015
120,Stephen,Washington,jwashington3b@dell.com,Male,Justin,11/06/2009
121,Terry,Riley,kriley3c@whitehouse.gov,Male,Keith,03/16/1921
122,Ernest,Cruz,jcruz3d@google.ca,Male,Jason,02/21/1982
123,Cynthia,Sims,csims3e@t-online.de,Female,Catherine,10/15/1928
124,Christopher,Shaw,rshaw3f@google.com.hk,Male,Ralph,10/06/1966
125,Betty,Hansen,chansen3g@imgur.com,Female,Christine,12/06/1949
126,Patrick,Hanson,lhanson3h@usda.gov,Male,Lawrence,02/01/1933
127,Kevin,Campbell,jcampbell3i@flickr.com,Male,Joe,01/24/1988
128,Harry,Warren,awarren3j@newsvine.com,Male,Andrew,06/26/2002
129,Cheryl,Price,sprice3k@mtv.com,Female,Sandra,12/12/1955
130,Scott,Walker,cwalker3l@vistaprint.com,Male,Clarence,07/30/1968
131,Earl,Reid,kreid3m@xrea.com,Male,Keith,11/22/1956
132,Ryan,Carter,jcarter3n@soundcloud.com,Male,Joe,07/25/1959
133,Theresa,Mendoza,smendoza3o@github.io,Female,Sharon,04/23/1930
134,Patrick,Lewis,blewis3p@java.com,Male,Bobby,11/07/1956
135,Raymond,Edwards,cedwards3q@rakuten.co.jp,Male,Craig,04/10/1968
136,Bruce,Bryant,gbryant3r@chicagotribune.com,Male,Gary,09/14/1997
137,Jason,Young,fyoung3s@soundcloud.com,Male,Frank,08/26/1975
138,Ryan,Wheeler,cwheeler3t@ycombinator.com,Male,Carlos,11/18/1949
139,Kathy,Weaver,fweaver3u@example.com,Female,Frances,09/01/1926
140,Melissa,Black,kblack3v@e-recht24.de,Female,Kathy,01/05/1937
141,Paul,Peters,wpeters3w@addtoany.com,Male,Willie,04/11/1956
142,Jean,Clark,cclark3x@mtv.com,Female,Carol,06/01/2009
143,Emily,Barnes,lbarnes3y@indiatimes.com,Female,Lisa,08/08/1955
144,Keith,Johnston,kjohnston3z@vk.com,Male,Kevin,05/09/1970
145,Helen,Baker,abaker40@simplemachines.org,Female,Ann,12/05/1920
146,Michael,Daniels,kdaniels41@aboutads.info,Male,Kenneth,03/02/1940
147,Lisa,Meyer,fmeyer42@tiny.cc,Female,Frances,08/08/1978
148,Melissa,Crawford,lcrawford43@bigcartel.com,Female,Lisa,12/29/1971
149,Annie,Freeman,cfreeman44@myspace.com,Female,Carolyn,11/01/1974
150,Janet,Green,dgreen45@stumbleupon.com,Female,Donna,02/26/1959
151,Julia,Mcdonald,mmcdonald46@ocn.ne.jp,Female,Mildred,09/02/1993
152,Judith,Butler,bbutler47@freewebs.com,Female,Barbara,07/01/1996
153,Antonio,Kennedy,tkennedy48@opera.com,Male,Thomas,12/18/1956
154,Walter,Robertson,trobertson49@odnoklassniki.ru,Male,Timothy,05/10/1982
155,Lawrence,Webb,jwebb4a@deviantart.com,Male,Jerry,08/23/1992
156,Wanda,Wallace,twallace4b@uiuc.edu,Female,Teresa,02/14/1976
157,Catherine,Meyer,ameyer4c@google.nl,Female,Alice,02/23/1937
158,Ashley,Young,myoung4d@vistaprint.com,Female,Mildred,05/30/1941
159,Thomas,Kim,akim4e@com.com,Male,Albert,09/10/2012
160,Ruth,Wallace,bwallace4f@photobucket.com,Female,Beverly,01/08/1957
161,Antonio,Bell,vbell4g@sakura.ne.jp,Male,Victor,05/16/1967
162,Jesse,Morrison,bmorrison4h@dmoz.org,Male,Bruce,12/18/1952
163,Martin,Harris,lharris4i@ehow.com,Male,Larry,03/01/1978
164,Roger,Hill,ehill4j@psu.edu,Male,Edward,10/03/2006
165,Nicole,Evans,pevans4k@cbslocal.com,Female,Patricia,08/12/1958
166,Earl,Crawford,ncrawford4l@google.com,Male,Nicholas,09/29/1971
167,Willie,Stanley,cstanley4m@home.pl,Male,Carlos,06/04/1952
168,Amanda,Perez,wperez4n@soup.io,Female,Wanda,12/27/2004
169,Margaret,Carpenter,ccarpenter4o@vkontakte.ru,Female,Christine,05/26/1935
170,Sandra,Collins,scollins4p@hc360.com,Female,Sharon,01/21/1929
171,Lawrence,Ray,rray4q@redcross.org,Male,Richard,07/18/1977
172,Jonathan,Perkins,gperkins4r@devhub.com,Male,George,12/04/1990
173,Evelyn,Ryan,jryan4s@friendfeed.com,Female,Jessica,02/13/1921
174,Jason,Nichols,jnichols4t@nba.com,Male,Jerry,03/11/1978
175,Bruce,Chapman,achapman4u@cnn.com,Male,Antonio,02/27/1989
176,Maria,Wheeler,jwheeler4v@amazonaws.com,Female,Janice,04/24/1930
177,Tina,Turner,lturner4w@t-online.de,Female,Lori,11/21/1960
178,Irene,Henry,chenry4x@discovery.com,Female,Catherine,09/12/1964
179,Jimmy,Williams,rwilliams4y@state.tx.us,Male,Randy,04/20/2004
180,Heather,Perkins,aperkins4z@weebly.com,Female,Andrea,09/27/1926
181,Lillian,Hicks,chicks50@google.co.jp,Female,Catherine,06/09/1994
182,Richard,Riley,ariley51@state.gov,Male,Alan,11/09/1950
183,Janice,Nguyen,vnguyen52@examiner.com,Female,Virginia,09/05/1997
184,Martin,Ortiz,dortiz53@stumbleupon.com,Male,David,12/23/1974
185,Louise,Wilson,cwilson54@dyndns.org,Female,Carol,10/07/2004
186,Albert,Powell,jpowell55@ucoz.ru,Male,Juan,03/02/1939
187,Phillip,Palmer,bpalmer56@booking.com,Male,Brandon,12/08/1976
188,Theresa,Adams,radams57@yelp.com,Female,Rachel,11/20/1987
189,Sara,Porter,cporter58@house.gov,Female,Cheryl,05/17/2012
190,Janice,Grant,sgrant59@wufoo.com,Female,Sarah,05/02/1965
191,Janice,Clark,eclark5a@dmoz.org,Female,Evelyn,11/30/1962
192,Diana,Castillo,tcastillo5b@cocolog-nifty.com,Female,Teresa,05/09/1986
193,Debra,Gonzales,ngonzales5c@slideshare.net,Female,Nancy,03/25/1926
194,Fred,Sanchez,esanchez5d@vinaora.com,Male,Ernest,05/31/1937
195,Philip,Foster,dfoster5e@meetup.com,Male,Douglas,11/17/2005
196,Nancy,Porter,sporter5f@engadget.com,Female,Sandra,03/29/1975
197,Terry,Olson,polson5g@engadget.com,Male,Paul,08/22/1960
198,Mildred,Taylor,ptaylor5h@fotki.com,Female,Pamela,12/16/1978
199,Paula,Young,tyoung5i@arstechnica.com,Female,Theresa,05/10/2015
200,Linda,Pierce,apierce5j@about.me,Female,Anne,02/25/1933
201,Diana,Crawford,ncrawford5k@weibo.com,Female,Nancy,08/28/2007
202,Maria,Gray,cgray5l@ameblo.jp,Female,Christina,12/08/1936
203,Marilyn,Pierce,ppierce5m@indiatimes.com,Female,Paula,07/15/1948
204,Teresa,George,mgeorge5n@youku.com,Female,Margaret,07/23/1941
205,Frank,Fernandez,mfernandez5o@youtu.be,Male,Matthew,10/20/1958
206,Lisa,Ramos,jramos5p@sourceforge.net,Female,Jean,03/08/1984
207,Doris,Garza,jgarza5q@cbc.ca,Female,Judith,08/30/1991
208,Gregory,Nelson,dnelson5r@wisc.edu,Male,Dennis,06/13/1967
209,Beverly,Davis,mdavis5s@shareasale.com,Female,Mildred,01/07/1951
210,Brian,Wood,mwood5t@alexa.com,Male,Martin,04/19/1955
211,Katherine,Perry,cperry5u@squidoo.com,Female,Christine,11/06/2013
212,Emily,Campbell,scampbell5v@bbb.org,Female,Sarah,05/30/1986
213,Samuel,Ferguson,dferguson5w@linkedin.com,Male,Douglas,11/26/2006
214,Nicole,Rodriguez,jrodriguez5x@oakley.com,Female,Jessica,07/14/1971
215,Tammy,Stevens,dstevens5y@wsj.com,Female,Debra,07/15/1922
216,Roy,Powell,jpowell5z@amazon.com,Male,Joshua,01/31/1928
217,Diane,Montgomery,smontgomery60@unblog.fr,Female,Sara,09/20/1942
218,Carolyn,George,ageorge61@discuz.net,Female,Andrea,05/15/1942
219,Helen,Powell,jpowell62@feedburner.com,Female,Jennifer,05/15/1995
220,Joe,Austin,baustin63@jigsy.com,Male,Bobby,07/10/1960
221,James,Green,lgreen64@cmu.edu,Male,Lawrence,02/18/1997
222,Bonnie,Henderson,mhenderson65@altervista.org,Female,Mary,01/06/1992
223,Juan,Nelson,enelson66@mayoclinic.com,Male,Edward,01/25/1963
224,Donald,Garrett,egarrett67@discovery.com,Male,Eric,07/12/1959
225,Bonnie,Clark,dclark68@yolasite.com,Female,Diane,03/09/1989
226,Virginia,Hudson,mhudson69@discuz.net,Female,Martha,09/09/1945
227,Cheryl,Peters,kpeters6a@1und1.de,Female,Kathryn,04/06/1935
228,Shawn,Griffin,pgriffin6b@wsj.com,Male,Paul,05/30/2006
229,Stephen,Hughes,jhughes6c@state.gov,Male,Johnny,08/24/1997
230,Margaret,Wheeler,mwheeler6d@nbcnews.com,Female,Martha,11/10/1923
231,Ronald,Grant,pgrant6e@bloglovin.com,Male,Paul,06/09/2009
232,Shirley,Moore,jmoore6f@addthis.com,Female,Janice,12/22/1922
233,Jason,Bennett,jbennett6g@soundcloud.com,Male,James,03/11/1981
234,Emily,Sanchez,jsanchez6h@house.gov,Female,Julia,09/13/1948
235,Norma,Hunter,bhunter6i@usda.gov,Female,Brenda,02/13/1920
236,Karen,Burns,sburns6j@gizmodo.com,Female,Sara,06/22/2007
237,Steven,Moreno,emoreno6k@mozilla.com,Male,Ernest,10/08/1990
238,Roy,Matthews,gmatthews6l@miibeian.gov.cn,Male,Gary,10/02/1955
239,Harold,Walker,rwalker6m@de.vu,Male,Russell,06/27/1937
240,Timothy,Mccoy,smccoy6n@ted.com,Male,Samuel,02/04/2002
241,Walter,Bishop,kbishop6o@tuttocitta.it,Male,Kevin,01/15/1953
242,Wayne,Gomez,rgomez6p@who.int,Male,Raymond,02/20/1921
243,Keith,Watson,swatson6q@google.pl,Male,Samuel,01/12/1945
244,Doris,Thompson,athompson6r@nih.gov,Female,Anna,08/24/1961
245,Christopher,Snyder,jsnyder6s@time.com,Male,Joshua,12/29/1932
246,Amanda,Bailey,jbailey6t@mozilla.org,Female,Jane,09/09/1965
247,Jose,Jenkins,tjenkins6u@java.com,Male,Terry,12/20/1986
248,Robin,Alvarez,ealvarez6v@indiegogo.com,Female,Evelyn,09/18/2000
249,Lois,Chavez,jchavez6w@squarespace.com,Female,Jean,09/16/1938
250,Howard,Cooper,scooper6x@umn.edu,Male,Steve,03/29/1921
251,Lois,Wood,bwood6y@sciencedirect.com,Female,Barbara,01/10/1995
252,Wayne,Mitchell,rmitchell6z@dion.ne.jp,Male,Randy,07/28/1938
253,Paul,Taylor,ctaylor70@tripod.com,Male,Christopher,02/10/1950
254,Melissa,Edwards,iedwards71@geocities.com,Female,Irene,06/05/1999
255,Mark,Perry,jperry72@clickbank.net,Male,Joshua,03/11/1967
256,Irene,Carroll,acarroll73@cmu.edu,Female,Andrea,07/29/1925
257,Sharon,Hudson,khudson74@sina.com.cn,Female,Katherine,04/12/1943
258,James,Hunter,jhunter75@github.com,Male,John,07/02/1931
259,Elizabeth,Martinez,dmartinez76@1688.com,Female,Doris,12/28/2010
260,David,Bennett,gbennett77@g.co,Male,George,05/06/1931
261,Amanda,Rivera,rrivera78@usgs.gov,Female,Rachel,09/20/1962
262,Christopher,Gomez,rgomez79@nih.gov,Male,Robert,12/31/1995
263,Jane,Ramos,sramos7a@disqus.com,Female,Sharon,10/20/1939
264,Douglas,Hawkins,rhawkins7b@ihg.com,Male,Russell,09/19/1987
265,Chris,Romero,sromero7c@loc.gov,Male,Stephen,08/31/1921
266,Henry,Wheeler,swheeler7d@goo.gl,Male,Steven,02/13/1923
267,Christina,Howard,jhoward7e@facebook.com,Female,Judith,07/29/1969
268,Thomas,King,rking7f@trellian.com,Male,Robert,12/25/1959
269,Julia,Palmer,epalmer7g@sina.com.cn,Female,Elizabeth,12/26/1925
270,Jason,George,rgeorge7h@elpais.com,Male,Ralph,12/28/1932
271,Louis,Fowler,wfowler7i@yolasite.com,Male,William,11/25/2012
272,Gerald,Meyer,rmeyer7j@webmd.com,Male,Robert,10/28/2012
273,John,Hamilton,jhamilton7k@bizjournals.com,Male,James,05/17/1951
274,Tammy,Griffin,jgriffin7l@reverbnation.com,Female,Jennifer,02/10/1973
275,Eric,Stevens,sstevens7m@paypal.com,Male,Samuel,11/17/1955
276,Karen,Reyes,treyes7n@exblog.jp,Female,Tina,07/28/1959
277,Paul,Stone,hstone7o@cornell.edu,Male,Henry,02/08/1995
278,Kimberly,Nguyen,lnguyen7p@reverbnation.com,Female,Laura,01/29/1975
279,Tammy,Lopez,llopez7q@auda.org.au,Female,Louise,02/05/2000
280,Jesse,Bryant,jbryant7r@nifty.com,Male,Joseph,02/09/1984
281,Kathleen,Welch,mwelch7s@bing.com,Female,Margaret,09/07/1945
282,Karen,Hicks,phicks7t@webmd.com,Female,Phyllis,10/29/1961
283,Tammy,Adams,sadams7u@java.com,Female,Shirley,09/27/2006
284,Lois,Richardson,drichardson7v@weebly.com,Female,Doris,02/04/1959
285,Brenda,Sullivan,hsullivan7w@delicious.com,Female,Heather,04/12/2013
286,Ronald,Turner,wturner7x@yahoo.co.jp,Male,William,09/02/1972
287,George,Gray,vgray7y@bloglines.com,Male,Victor,03/06/2014
288,Edward,Morgan,pmorgan7z@github.com,Male,Peter,08/19/2001
289,Dennis,Hamilton,shamilton80@exblog.jp,Male,Shawn,03/03/2001
290,Sean,Graham,egraham81@cisco.com,Male,Eugene,10/02/1985
291,Bobby,Garza,pgarza82@e-recht24.de,Male,Phillip,01/16/1929
292,Frank,Miller,smiller83@fastcompany.com,Male,Shawn,07/09/1996
293,Christina,Bennett,jbennett84@vimeo.com,Female,Jane,02/26/1943
294,Patrick,West,swest85@indiatimes.com,Male,Scott,09/11/1947
295,Wanda,Thomas,dthomas86@dagondesign.com,Female,Doris,05/14/1959
296,Jack,Bishop,pbishop87@soup.io,Male,Peter,12/23/1936
297,Jacqueline,Carter,ncarter88@aol.com,Female,Norma,09/07/1956
298,Janice,Stanley,astanley89@nifty.com,Female,Alice,05/17/1992
299,Willie,Gutierrez,lgutierrez8a@zdnet.com,Male,Louis,09/17/1950
300,Dennis,Fowler,rfowler8b@so-net.ne.jp,Male,Ralph,03/01/1945
301,Stephanie,Lawrence,vlawrence8c@themeforest.net,Female,Virginia,08/14/1987
302,Jesse,Nelson,cnelson8d@walmart.com,Male,Chris,06/07/1936
303,Juan,Hill,ghill8e@lycos.com,Male,Gregory,02/07/1943
304,Nicole,Sullivan,jsullivan8f@utexas.edu,Female,Joyce,01/08/2008
305,Roger,Montgomery,smontgomery8g@smh.com.au,Male,Scott,04/14/1997
306,Rachel,Nguyen,jnguyen8h@prlog.org,Female,Jacqueline,12/24/1998
307,Annie,Henderson,jhenderson8i@timesonline.co.uk,Female,Julia,08/21/1959
308,Teresa,Barnes,sbarnes8j@noaa.gov,Female,Stephanie,02/16/1957
309,Randy,Stevens,bstevens8k@ca.gov,Male,Brian,08/24/1976
310,George,Jenkins,mjenkins8l@time.com,Male,Michael,03/05/1936
311,Tammy,Snyder,psnyder8m@sitemeter.com,Female,Patricia,12/21/1946
312,Andrew,Gomez,sgomez8n@seattletimes.com,Male,Scott,09/07/1993
313,Billy,Medina,rmedina8o@ocn.ne.jp,Male,Ronald,09/29/1963
314,Julia,Simpson,asimpson8p@google.ca,Female,Amy,01/19/1989
315,Nicholas,Graham,dgraham8q@state.tx.us,Male,David,12/23/2006
316,Mildred,Reed,rreed8r@ucoz.com,Female,Rebecca,11/04/2011
317,Cheryl,Medina,lmedina8s@nationalgeographic.com,Female,Lori,05/31/2013
318,Tammy,Bell,kbell8t@pinterest.com,Female,Kathryn,06/19/1983
319,Carol,Morales,lmorales8u@hao123.com,Female,Lori,09/10/1957
320,Joe,Carpenter,jcarpenter8v@discovery.com,Male,Jerry,08/12/1976
321,Julia,Medina,lmedina8w@state.tx.us,Female,Lisa,08/16/1961
322,Johnny,Jones,mjones8x@yandex.ru,Male,Mark,11/06/1991
323,Lawrence,Day,tday8y@businesswire.com,Male,Timothy,11/28/2012
324,Alice,Ellis,lellis8z@github.io,Female,Lillian,02/11/2016
325,Terry,Reynolds,mreynolds90@comcast.net,Male,Matthew,12/13/1947
326,Sara,Montgomery,emontgomery91@webnode.com,Female,Elizabeth,12/01/1921
327,Jeffrey,Powell,apowell92@pen.io,Male,Aaron,10/01/1920
328,Bobby,Andrews,randrews93@cdbaby.com,Male,Russell,08/25/1939
329,Rachel,Lane,llane94@dyndns.org,Female,Lisa,12/13/1978
330,Matthew,Greene,hgreene95@irs.gov,Male,Harry,11/01/1980
331,Frank,Alvarez,jalvarez96@utexas.edu,Male,Jeremy,06/28/1972
332,Anne,Nichols,snichols97@theatlantic.com,Female,Sarah,01/29/1963
333,Linda,Rose,krose98@exblog.jp,Female,Kelly,10/13/1960
334,Linda,Stevens,bstevens99@theatlantic.com,Female,Barbara,04/20/1946
335,Joan,Sims,ssims9a@ocn.ne.jp,Female,Stephanie,03/30/1983
336,Sara,Ramos,pramos9b@alibaba.com,Female,Patricia,11/14/1926
337,Deborah,Hayes,phayes9c@ebay.com,Female,Paula,05/04/1980
338,Kimberly,Ferguson,bferguson9d@loc.gov,Female,Bonnie,06/14/2008
339,Marilyn,Daniels,adaniels9e@whitehouse.gov,Female,Anne,02/25/1947
340,Kathryn,Olson,jolson9f@freewebs.com,Female,Judith,02/13/2016
341,Judy,Willis,ewillis9g@meetup.com,Female,Elizabeth,09/28/1953
342,Adam,Harper,wharper9h@cpanel.net,Male,William,05/22/1981
343,Tammy,Matthews,smatthews9i@joomla.org,Female,Sharon,05/01/1920
344,Rachel,Fuller,pfuller9j@sciencedirect.com,Female,Patricia,10/28/1928
345,Kevin,Davis,ddavis9k@mashable.com,Male,David,12/20/1999
346,Sandra,Howard,choward9l@washingtonpost.com,Female,Christine,12/10/1943
347,Kathy,Porter,hporter9m@chicagotribune.com,Female,Heather,03/25/1969
348,Marie,Duncan,jduncan9n@xrea.com,Female,Janice,02/04/1927
349,Joyce,Torres,atorres9o@washingtonpost.com,Female,Andrea,11/25/1980
350,Christine,Rice,lrice9p@dell.com,Female,Laura,10/18/1986
351,Walter,Baker,abaker9q@xrea.com,Male,Adam,08/19/1989
352,Denise,Patterson,apatterson9r@washingtonpost.com,Female,Ann,12/06/1983
353,Nicholas,Oliver,roliver9s@answers.com,Male,Robert,01/16/2015
354,Karen,Boyd,eboyd9t@ning.com,Female,Elizabeth,05/03/1966
355,Kenneth,Wilson,jwilson9u@chicagotribune.com,Male,Jesse,08/13/1937
356,Anthony,Carroll,dcarroll9v@google.com.br,Male,Dennis,12/17/1978
357,Russell,Pierce,spierce9w@mashable.com,Male,Steve,05/20/2010
358,Mary,Lane,llane9x@cisco.com,Female,Lillian,01/06/1931
359,Bobby,Porter,jporter9y@ted.com,Male,John,02/08/1985
360,Wanda,Henderson,dhenderson9z@slashdot.org,Female,Denise,11/06/2011
361,Lawrence,Webb,lwebba0@newyorker.com,Male,Louis,09/24/1928
362,Joyce,Wright,mwrighta1@51.la,Female,Marie,04/25/1942
363,Rebecca,Flores,afloresa2@ihg.com,Female,Anne,05/11/1942
364,Jane,Reynolds,creynoldsa3@nymag.com,Female,Cheryl,05/27/1997
365,Bonnie,Schmidt,ischmidta4@wikipedia.org,Female,Irene,09/28/1940
366,Harold,Arnold,larnolda5@google.it,Male,Larry,10/14/2000
367,Andrea,Watkins,awatkinsa6@cyberchimps.com,Female,Anne,08/02/1997
368,Debra,Johnston,mjohnstona7@youtube.com,Female,Mary,01/11/1994
369,Peter,Torres,wtorresa8@twitpic.com,Male,Wayne,05/10/1966
370,Christina,Gardner,sgardnera9@feedburner.com,Female,Susan,06/21/1953
371,Nicholas,Grant,jgrantaa@diigo.com,Male,Jeffrey,08/13/2016
372,David,Henry,jhenryab@reference.com,Male,Joe,07/10/2011
373,Kelly,Young,iyoungac@netvibes.com,Female,Irene,05/21/1986
374,Terry,Ferguson,sfergusonad@whitehouse.gov,Male,Scott,02/10/1974
375,Dennis,Morrison,bmorrisonae@wiley.com,Male,Benjamin,09/24/1952
376,Mark,Nelson,mnelsonaf@nbcnews.com,Male,Martin,01/27/1938
377,Larry,Johnston,rjohnstonag@sciencedaily.com,Male,Randy,11/16/2012
378,Peter,Snyder,bsnyderah@indiatimes.com,Male,Benjamin,12/09/1972
379,Barbara,Murray,emurrayai@seattletimes.com,Female,Evelyn,03/07/1954
380,Clarence,Hunter,ehunteraj@cbc.ca,Male,Earl,10/27/1947
381,Russell,Boyd,hboydak@google.pl,Male,Howard,02/06/1994
382,Andrea,Mitchell,kmitchellal@elpais.com,Female,Kelly,01/13/1966
383,Martin,Boyd,bboydam@webnode.com,Male,Benjamin,09/17/1934
384,Robert,Hunt,bhuntan@lulu.com,Male,Bobby,09/13/1960
385,Jennifer,Nelson,nnelsonao@slate.com,Female,Nicole,07/20/2009
386,Phyllis,Elliott,delliottap@flavors.me,Female,Diane,12/28/1965
387,James,Rodriguez,brodriguezaq@weibo.com,Male,Bobby,11/19/1947
388,William,Montgomery,cmontgomeryar@about.com,Male,Charles,04/11/2009
389,Gregory,Barnes,mbarnesas@sciencedirect.com,Male,Michael,09/26/1997
390,Kathy,Jordan,ljordanat@a8.net,Female,Linda,01/01/1929
391,Alan,Hawkins,jhawkinsau@ftc.gov,Male,Jimmy,07/29/1962
392,Julie,Wallace,mwallaceav@ucoz.ru,Female,Maria,12/22/1977
393,Betty,Woods,awoodsaw@thetimes.co.uk,Female,Amy,02/13/1975
394,Ernest,Rivera,rriveraax@github.com,Male,Robert,02/18/1977
395,Benjamin,Watson,hwatsonay@auda.org.au,Male,Harold,05/01/2000
396,Lillian,Jenkins,jjenkinsaz@springer.com,Female,Jane,09/12/1972
397,Bobby,Hudson,hhudsonb0@technorati.com,Male,Howard,11/11/1948
398,Matthew,Mendoza,amendozab1@google.com.au,Male,Adam,11/29/1978
399,Mark,Ray,srayb2@globo.com,Male,Scott,07/18/2008
400,Amy,Walker,mwalkerb3@virginia.edu,Female,Marie,05/18/1979
401,Margaret,Brooks,hbrooksb4@amazon.co.uk,Female,Helen,02/16/1966
402,Louise,Scott,ascottb5@auda.org.au,Female,Annie,09/09/1949
403,Donna,Carr,rcarrb6@reddit.com,Female,Ruby,05/28/1946
404,Anne,Garrett,mgarrettb7@economist.com,Female,Michelle,03/04/1980
405,Norma,Murray,wmurrayb8@google.es,Female,Wanda,04/05/1955
406,Christina,Gardner,agardnerb9@geocities.jp,Female,Amy,05/18/1997
407,Harry,Campbell,acampbellba@t.co,Male,Aaron,04/18/2000
408,Ernest,Roberts,grobertsbb@jalbum.net,Male,Gary,06/10/2005
409,Justin,Evans,hevansbc@sfgate.com,Male,Harry,11/22/1983
410,Patrick,Carr,acarrbd@whitehouse.gov,Male,Aaron,01/11/1973
411,Timothy,Hamilton,rhamiltonbe@freewebs.com,Male,Russell,02/03/1965
412,Jessica,White,awhitebf@mayoclinic.com,Female,Amy,12/24/2011
413,Jeremy,Payne,jpaynebg@tinyurl.com,Male,Jack,08/11/1980
414,Marie,Thompson,athompsonbh@ask.com,Female,Ashley,02/17/1964
415,Dennis,Burton,rburtonbi@spotify.com,Male,Roger,03/09/1998
416,Rebecca,Graham,lgrahambj@guardian.co.uk,Female,Lisa,09/12/2008
417,Katherine,Ramos,nramosbk@edublogs.org,Female,Norma,08/06/1968
418,Justin,Riley,crileybl@shareasale.com,Male,Christopher,05/09/1942
419,Fred,Gutierrez,hgutierrezbm@blog.com,Male,Harry,08/09/1926
420,Louise,Robertson,rrobertsonbn@jimdo.com,Female,Rachel,03/29/2002
421,Joshua,Carter,jcarterbo@nytimes.com,Male,Jack,09/25/2006
422,Ernest,Hughes,shughesbp@apple.com,Male,Samuel,11/12/1951
423,Cynthia,Fuller,afullerbq@dion.ne.jp,Female,Anne,06/30/1978
424,Nicole,James,ljamesbr@shareasale.com,Female,Lois,01/25/1982
425,Evelyn,Marshall,smarshallbs@nature.com,Female,Sharon,06/12/1983
426,Donald,Wallace,swallacebt@hao123.com,Male,Steve,08/11/2010
427,Lillian,Ramos,dramosbu@edublogs.org,Female,Doris,05/07/1948
428,Henry,Bowman,lbowmanbv@nydailynews.com,Male,Lawrence,08/19/1985
429,Carl,Lee,rleebw@delicious.com,Male,Ronald,03/27/1983
430,Joyce,Baker,lbakerbx@homestead.com,Female,Louise,02/03/1937
431,Phyllis,Nelson,jnelsonby@issuu.com,Female,Julia,02/24/1931
432,Betty,Bishop,vbishopbz@zdnet.com,Female,Virginia,12/13/1937
433,Roger,Fox,jfoxc0@ca.gov,Male,Johnny,10/26/1932
434,Kelly,Lee,bleec1@mac.com,Female,Barbara,03/18/1950
435,Henry,Greene,jgreenec2@arstechnica.com,Male,Joshua,11/20/1955
436,George,Martin,vmartinc3@xing.com,Male,Victor,10/11/2003
437,Doris,Mitchell,amitchellc4@cyberchimps.com,Female,Annie,06/28/1998
438,Paula,Larson,mlarsonc5@census.gov,Female,Martha,07/03/1987
439,Keith,Fox,sfoxc6@furl.net,Male,Steve,03/18/1939
440,Victor,Daniels,edanielsc7@timesonline.co.uk,Male,Earl,07/21/1921
441,Paul,Watson,wwatsonc8@amazon.co.uk,Male,Wayne,01/01/1958
442,Shirley,Mccoy,bmccoyc9@friendfeed.com,Female,Beverly,12/18/2007
443,Betty,Cox,jcoxca@odnoklassniki.ru,Female,Jane,12/26/1981
444,Louis,Mason,dmasoncb@digg.com,Male,Dennis,03/15/1985
445,Matthew,Allen,aallencc@imgur.com,Male,Andrew,01/13/1966
446,Pamela,Black,dblackcd@newyorker.com,Female,Doris,07/26/1962
447,Elizabeth,Fields,bfieldsce@uol.com.br,Female,Bonnie,02/16/1981
448,Terry,Davis,cdaviscf@house.gov,Male,Charles,05/24/1973
449,Richard,Martinez,amartinezcg@addtoany.com,Male,Antonio,11/12/1921
450,Johnny,Robinson,jrobinsonch@microsoft.com,Male,Justin,12/16/1951
451,Mary,Moreno,smorenoci@feedburner.com,Female,Sharon,08/16/1993
452,Katherine,Peters,kpeterscj@latimes.com,Female,Kimberly,05/22/1957
453,Carolyn,Wallace,mwallaceck@stanford.edu,Female,Maria,01/29/2005
454,Betty,Welch,awelchcl@google.com.au,Female,Anne,01/09/1923
455,Sharon,Foster,afostercm@hostgator.com,Female,Angela,09/14/1978
456,Shirley,West,kwestcn@wordpress.org,Female,Kimberly,05/03/1963
457,Marilyn,Black,pblackco@europa.eu,Female,Paula,11/26/1972
458,Beverly,Warren,swarrencp@dedecms.com,Female,Sara,01/28/1962
459,Justin,Sullivan,ksullivancq@google.ru,Male,Keith,11/14/2013
460,Daniel,Bennett,sbennettcr@upenn.edu,Male,Shawn,08/11/1922
461,Diane,Perry,pperrycs@toplist.cz,Female,Pamela,05/20/1984
462,Diane,Chavez,achavezct@newsvine.com,Female,Anna,04/10/1959
463,Virginia,Bryant,bbryantcu@mozilla.com,Female,Bonnie,11/19/1990
464,Kevin,Scott,jscottcv@phoca.cz,Male,Juan,09/08/2006
465,Charles,Thompson,jthompsoncw@nsw.gov.au,Male,Jeremy,08/31/2010
466,Melissa,Olson,rolsoncx@ucla.edu,Female,Rachel,05/28/1977
467,Martha,Roberts,trobertscy@parallels.com,Female,Tammy,06/04/1999
468,Samuel,Chapman,echapmancz@t-online.de,Male,Earl,09/06/1922
469,Andrea,Chavez,wchavezd0@addtoany.com,Female,Wanda,07/08/1970
470,Katherine,Johnson,djohnsond1@facebook.com,Female,Doris,01/25/1968
471,Pamela,Olson,dolsond2@auda.org.au,Female,Doris,08/26/1983
472,Adam,Adams,radamsd3@cornell.edu,Male,Ronald,10/11/2004
473,Jessica,Hansen,dhansend4@youtube.com,Female,Diana,01/06/2008
474,Kathryn,Campbell,jcampbelld5@nps.gov,Female,Jean,11/06/1932
475,Carolyn,Morris,hmorrisd6@zimbio.com,Female,Heather,04/22/1935
476,Donald,Bishop,jbishopd7@hc360.com,Male,Jonathan,09/21/1942
477,Sara,Clark,mclarkd8@whitehouse.gov,Female,Maria,02/15/1964
478,Jack,Wells,nwellsd9@archive.org,Male,Nicholas,08/17/2012
479,Michael,Sanchez,jsanchezda@elegantthemes.com,Male,Jesse,08/07/1963
480,Thomas,Henderson,ehendersondb@toplist.cz,Male,Edward,06/27/1949
481,Terry,Wagner,wwagnerdc@delicious.com,Male,Walter,10/27/1927
482,Benjamin,Sims,wsimsdd@hhs.gov,Male,William,01/10/1933
483,Randy,Gardner,ggardnerde@newyorker.com,Male,George,03/15/1968
484,Louis,Hughes,rhughesdf@purevolume.com,Male,Russell,03/16/1942
485,Patrick,Stevens,rstevensdg@addthis.com,Male,Ronald,12/25/1972
486,Matthew,Sullivan,hsullivandh@shop-pro.jp,Male,Harry,12/12/1922
487,Joan,Chapman,mchapmandi@youku.com,Female,Melissa,07/26/2011
488,Terry,Ortiz,wortizdj@paginegialle.it,Male,Willie,02/03/1970
489,Jennifer,Thompson,dthompsondk@ted.com,Female,Denise,01/16/1941
490,Henry,Medina,rmedinadl@sciencedirect.com,Male,Ryan,11/16/1986
491,Russell,Franklin,bfranklindm@rakuten.co.jp,Male,Bruce,10/15/1944
492,Joe,Mcdonald,cmcdonalddn@tmall.com,Male,Charles,01/13/2012
493,Cynthia,Nguyen,enguyendo@odnoklassniki.ru,Female,Emily,07/29/1945
494,Philip,Chapman,bchapmandp@cornell.edu,Male,Brian,12/02/1964
495,Samuel,Kelly,skellydq@typepad.com,Male,Scott,08/14/1924
496,Ruth,Clark,rclarkdr@canalblog.com,Female,Rose,12/28/2002
497,Katherine,Kennedy,rkennedyds@purevolume.com,Female,Rachel,06/26/1970
498,Maria,Reid,sreiddt@indiegogo.com,Female,Susan,05/23/2012
499,Carlos,Gardner,agardnerdu@jiathis.com,Male,Adam,04/19/1962
500,Catherine,White,mwhitedv@merriam-webster.com,Female,Marilyn,09/13/1962
501,Albert,Pierce,ppiercedw@yolasite.com,Male,Patrick,11/01/1981
502,Carol,Wallace,nwallacedx@uol.com.br,Female,Nancy,06/02/1967
503,Johnny,Bryant,tbryantdy@amazon.de,Male,Todd,05/24/2004
504,Henry,Martinez,cmartinezdz@timesonline.co.uk,Male,Carlos,12/03/1944
505,Adam,Mendoza,bmendozae0@archive.org,Male,Billy,12/26/1962
506,Judy,Peters,cpeterse1@example.com,Female,Christina,09/02/1934
507,Deborah,Hughes,thughese2@smugmug.com,Female,Theresa,11/07/1985
508,Annie,Taylor,ltaylore3@creativecommons.org,Female,Louise,06/30/1999
509,Laura,Jordan,ajordane4@360.cn,Female,Ann,12/08/1982
510,Chris,Johnston,sjohnstone5@unblog.fr,Male,Steven,11/15/1928
511,Ernest,Bowman,jbowmane6@ca.gov,Male,Joe,11/30/1940
512,Martha,Bowman,nbowmane7@behance.net,Female,Nicole,03/24/1997
513,Patricia,Gibson,sgibsone8@reddit.com,Female,Stephanie,09/02/2011
514,Harry,Hernandez,nhernandeze9@businessinsider.com,Male,Nicholas,05/06/1942
515,Julia,Hernandez,mhernandezea@miibeian.gov.cn,Female,Martha,06/06/1930
516,Pamela,Gonzales,lgonzaleseb@theatlantic.com,Female,Laura,09/05/2013
517,Annie,George,lgeorgeec@chicagotribune.com,Female,Lois,12/22/1927
518,Brian,Murphy,jmurphyed@tripod.com,Male,Jimmy,06/27/1955
519,Tammy,Vasquez,jvasquezee@npr.org,Female,Jessica,02/08/1974
520,Kathryn,Murray,amurrayef@baidu.com,Female,Anna,04/28/1960
521,Denise,Fields,jfieldseg@salon.com,Female,Jessica,03/30/1966
522,Roger,Reyes,hreyeseh@boston.com,Male,Howard,12/25/1948
523,Ashley,Ray,nrayei@about.com,Female,Nancy,08/02/1929
524,Arthur,Garcia,ggarciaej@virginia.edu,Male,Gary,11/13/1961
525,Louise,Robinson,srobinsonek@un.org,Female,Susan,02/18/1958
526,Jane,Rivera,ariverael@senate.gov,Female,Anne,05/08/2009
527,Carlos,Chavez,dchavezem@youtube.com,Male,Dennis,10/08/1989
528,Daniel,Nelson,tnelsonen@webeden.co.uk,Male,Thomas,02/09/1984
529,Catherine,Wilson,mwilsoneo@linkedin.com,Female,Martha,09/23/1927
530,Amy,Thomas,kthomasep@dyndns.org,Female,Kathy,07/21/2005
531,Justin,Long,jlongeq@arstechnica.com,Male,Joshua,05/10/1980
532,Lawrence,Reyes,lreyeser@twitpic.com,Male,Larry,03/31/1967
533,Cheryl,Crawford,dcrawfordes@berkeley.edu,Female,Doris,06/02/1995
534,Tammy,Patterson,rpattersonet@census.gov,Female,Robin,11/11/1949
535,Amanda,Mitchell,amitchelleu@jalbum.net,Female,Annie,03/22/1995
536,Kathryn,Matthews,pmatthewsev@skyrock.com,Female,Paula,10/23/2015
537,Frank,Lopez,rlopezew@alibaba.com,Male,Ryan,02/10/2016
538,Jesse,Hayes,chayesex@w3.org,Male,Christopher,02/05/1944
539,Antonio,Lopez,mlopezey@issuu.com,Male,Michael,01/13/1988
540,Phyllis,Thomas,rthomasez@pcworld.com,Female,Rose,10/05/1934
541,Todd,Watson,swatsonf0@shinystat.com,Male,Samuel,01/27/1980
542,Anne,Wheeler,dwheelerf1@tinyurl.com,Female,Dorothy,11/02/1953
543,Kathleen,Moreno,cmorenof2@instagram.com,Female,Christine,05/11/1939
544,Henry,Sullivan,asullivanf3@smh.com.au,Male,Alan,01/04/1932
545,Heather,Tucker,jtuckerf4@nature.com,Female,Janice,06/02/1984
546,Carl,Reed,areedf5@narod.ru,Male,Albert,03/24/1997
547,Daniel,Smith,asmithf6@va.gov,Male,Andrew,08/31/1948
548,Roy,Burns,mburnsf7@xing.com,Male,Martin,04/16/1960
549,Maria,Thomas,nthomasf8@mit.edu,Female,Norma,03/21/1957
550,Joyce,Woods,awoodsf9@creativecommons.org,Female,Angela,03/04/1954
551,Patrick,Hunter,dhunterfa@ebay.co.uk,Male,Daniel,07/24/2000
552,Ann,Brown,dbrownfb@indiatimes.com,Female,Deborah,01/03/1944
553,Ryan,Garza,jgarzafc@google.co.jp,Male,Jerry,01/25/2003
554,Brandon,Garrett,mgarrettfd@myspace.com,Male,Michael,12/13/1935
555,Kevin,Rodriguez,crodriguezfe@youtu.be,Male,Carlos,01/25/2002
556,Anne,Diaz,jdiazff@cargocollective.com,Female,Joyce,10/19/1944
557,Thomas,Hughes,ahughesfg@oakley.com,Male,Antonio,09/23/1949
558,Diane,Hudson,bhudsonfh@furl.net,Female,Betty,04/29/1950
559,Daniel,Ramirez,hramirezfi@baidu.com,Male,Harry,01/12/2011
560,Joyce,Williamson,mwilliamsonfj@technorati.com,Female,Melissa,03/13/1952
561,Robert,Turner,bturnerfk@nymag.com,Male,Benjamin,08/09/2006
562,Bruce,Powell,spowellfl@instagram.com,Male,Sean,10/30/2000
563,Steve,Peterson,spetersonfm@admin.ch,Male,Steven,06/24/1959
564,Jose,West,gwestfn@hc360.com,Male,Gerald,01/18/1960
565,Lois,Boyd,mboydfo@sogou.com,Female,Mildred,08/26/1979
566,Ashley,Richards,mrichardsfp@usgs.gov,Female,Marilyn,11/13/1972
567,Sandra,Cunningham,bcunninghamfq@sun.com,Female,Betty,03/18/1965
568,Robin,Wells,hwellsfr@hhs.gov,Female,Helen,05/28/1971
569,Norma,Ramirez,hramirezfs@hostgator.com,Female,Helen,12/04/1990
570,Howard,Schmidt,jschmidtft@redcross.org,Male,Jerry,02/28/1945
571,Robert,Fields,hfieldsfu@friendfeed.com,Male,Howard,11/21/1999
572,Katherine,Moreno,kmorenofv@prlog.org,Female,Kathy,11/27/2016
573,Stephanie,Hart,ahartfw@sphinn.com,Female,Angela,06/08/2009
574,Jesse,Dixon,hdixonfx@nps.gov,Male,Harold,12/15/1945
575,Christina,Webb,dwebbfy@elegantthemes.com,Female,Debra,04/22/1954
576,Ryan,Olson,golsonfz@github.com,Male,Gerald,04/02/1925
577,Rachel,Burke,sburkeg0@sourceforge.net,Female,Sarah,03/26/1939
578,Clarence,Moore,mmooreg1@spotify.com,Male,Matthew,09/02/1925
579,Alan,Jacobs,cjacobsg2@aol.com,Male,Charles,10/09/1973
580,Tina,Burns,sburnsg3@storify.com,Female,Sandra,08/21/1985
581,Denise,Howell,thowellg4@zdnet.com,Female,Teresa,12/20/1961
582,Gloria,Bryant,pbryantg5@hubpages.com,Female,Patricia,03/19/1997
583,Teresa,Ross,hrossg6@example.com,Female,Heather,04/07/2003
584,Andrea,Collins,ccollinsg7@microsoft.com,Female,Cynthia,11/22/1989
585,Gerald,Daniels,rdanielsg8@sbwire.com,Male,Raymond,06/11/1987
586,Fred,Ray,brayg9@washington.edu,Male,Bruce,05/31/1946
587,Russell,White,bwhitega@artisteer.com,Male,Benjamin,07/08/1998
588,Janice,Armstrong,aarmstronggb@cnn.com,Female,Ann,09/08/1960
589,Bruce,Riley,krileygc@123-reg.co.uk,Male,Kevin,08/02/2009
590,Henry,Carr,bcarrgd@tripadvisor.com,Male,Billy,04/28/1926
591,Justin,Jenkins,mjenkinsge@goo.ne.jp,Male,Michael,08/22/1965
592,Jerry,Ramirez,pramirezgf@bloglines.com,Male,Patrick,11/10/1928
593,Lillian,Perkins,dperkinsgg@cdc.gov,Female,Deborah,07/02/1975
594,Bruce,Gonzalez,jgonzalezgh@jalbum.net,Male,Joe,10/24/2004
595,Jack,Murphy,smurphygi@tuttocitta.it,Male,Scott,02/06/2009
596,Matthew,Ray,nraygj@networksolutions.com,Male,Nicholas,08/11/2009
597,Wanda,Fowler,bfowlergk@jiathis.com,Female,Brenda,11/02/2010
598,Helen,Banks,jbanksgl@bloglovin.com,Female,Joyce,04/22/1922
599,Ann,Shaw,dshawgm@i2i.jp,Female,Denise,09/30/1930
600,Marie,Peters,jpetersgn@paginegialle.it,Female,Julie,06/26/1952
601,Laura,Larson,tlarsongo@themeforest.net,Female,Theresa,08/19/2005
602,Phillip,Day,rdaygp@fastcompany.com,Male,Raymond,12/15/1946
603,Roger,Carroll,lcarrollgq@cloudflare.com,Male,Louis,10/22/2003
604,Julie,Walker,kwalkergr@1und1.de,Female,Karen,12/29/1983
605,Lois,Chavez,mchavezgs@admin.ch,Female,Margaret,10/28/1975
606,Andrew,Jordan,sjordangt@census.gov,Male,Sean,06/19/2004
607,Julie,Wilson,pwilsongu@so-net.ne.jp,Female,Patricia,01/06/1926
608,Amy,Ellis,sellisgv@guardian.co.uk,Female,Stephanie,11/16/1979
609,Todd,Hawkins,bhawkinsgw@sina.com.cn,Male,Brian,07/03/1973
610,Linda,Gonzales,lgonzalesgx@bandcamp.com,Female,Lois,12/15/1961
611,Earl,Woods,jwoodsgy@discuz.net,Male,Joshua,04/03/1922
612,Teresa,Wheeler,mwheelergz@usgs.gov,Female,Michelle,02/08/1977
613,Adam,Simmons,dsimmonsh0@cargocollective.com,Male,Douglas,11/28/1940
614,Kevin,Harris,aharrish1@un.org,Male,Andrew,08/29/1979
615,Sharon,Edwards,kedwardsh2@twitter.com,Female,Kathryn,02/15/1992
616,Jennifer,Shaw,lshawh3@studiopress.com,Female,Lois,01/17/2010
617,Phillip,Stanley,cstanleyh4@apple.com,Male,Clarence,09/04/1981
618,Wayne,Stephens,sstephensh5@businesswire.com,Male,Samuel,09/03/1967
619,Shawn,Martin,amartinh6@pbs.org,Male,Anthony,05/14/1997
620,Norma,Baker,sbakerh7@deviantart.com,Female,Shirley,04/27/1982
621,Paul,Burke,aburkeh8@gov.uk,Male,Aaron,11/09/1998
622,Carol,Greene,ngreeneh9@elpais.com,Female,Nancy,11/28/1962
623,Adam,Hernandez,chernandezha@boston.com,Male,Craig,08/30/1932
624,Frances,Rice,kricehb@google.ca,Female,Kimberly,06/05/1977
625,Doris,Rodriguez,krodriguezhc@angelfire.com,Female,Kathryn,04/15/1947
626,James,Thomas,mthomashd@netvibes.com,Male,Mark,12/24/1923
627,Henry,Berry,pberryhe@wunderground.com,Male,Patrick,02/15/2008
628,Janice,Richards,lrichardshf@kickstarter.com,Female,Laura,04/01/1971
629,Phyllis,Porter,kporterhg@springer.com,Female,Kelly,10/05/2008
630,Gerald,Henderson,shendersonhh@tinyurl.com,Male,Stephen,06/25/1970
631,Brian,Griffin,rgriffinhi@prnewswire.com,Male,Randy,03/26/1996
632,Carol,Garcia,tgarciahj@fotki.com,Female,Tina,11/01/1940
633,Joan,Sullivan,asullivanhk@bloglovin.com,Female,Anna,02/20/1954
634,Tina,Ward,dwardhl@npr.org,Female,Doris,04/06/1987
635,Patrick,Frazier,jfrazierhm@diigo.com,Male,Jose,05/18/2002
636,Andrew,Campbell,ecampbellhn@psu.edu,Male,Ernest,02/02/1959
637,Jeremy,Meyer,jmeyerho@ibm.com,Male,Joseph,11/23/1952
638,Sara,Nichols,hnicholshp@fema.gov,Female,Heather,03/11/1995
639,Kenneth,Lee,tleehq@mediafire.com,Male,Todd,03/12/1958
640,Diane,Lee,sleehr@ow.ly,Female,Sara,01/09/1936
641,Paul,Olson,aolsonhs@mozilla.org,Male,Albert,09/18/2003
642,Anna,Alexander,lalexanderht@sciencedaily.com,Female,Louise,08/01/1967
643,Peter,West,awesthu@guardian.co.uk,Male,Alan,04/17/2001
644,Charles,Hansen,bhansenhv@wikia.com,Male,Bobby,07/06/1975
645,Earl,Hunter,mhunterhw@ox.ac.uk,Male,Michael,12/03/1974
646,Emily,Gardner,dgardnerhx@smh.com.au,Female,Denise,12/25/1985
647,Billy,Morales,rmoraleshy@fotki.com,Male,Richard,01/17/1939
648,Harry,Garcia,jgarciahz@sina.com.cn,Male,Johnny,06/19/2014
649,Charles,Stanley,rstanleyi0@blinklist.com,Male,Randy,02/03/1999
650,Ruth,Webb,rwebbi1@ocn.ne.jp,Female,Robin,01/19/1987
651,Patrick,Washington,jwashingtoni2@columbia.edu,Male,Jerry,07/09/1969
652,Mildred,Mendoza,cmendozai3@shareasale.com,Female,Cynthia,12/10/1969
653,Lillian,Hansen,shanseni4@nifty.com,Female,Sharon,01/19/1941
654,Aaron,Holmes,gholmesi5@hexun.com,Male,George,11/25/1963
655,Janice,Duncan,lduncani6@usgs.gov,Female,Lisa,12/31/1966
656,Eugene,Larson,plarsoni7@tinyurl.com,Male,Patrick,11/01/1969
657,Fred,Jones,gjonesi8@fotki.com,Male,Gregory,05/31/2009
658,Denise,Larson,clarsoni9@google.cn,Female,Cynthia,02/07/1953
659,Charles,Lane,rlaneia@ibm.com,Male,Ralph,05/25/1964
660,Cynthia,Reed,preedib@people.com.cn,Female,Patricia,05/06/2012
661,Bonnie,Larson,llarsonic@google.ru,Female,Lori,01/01/1956
662,Phyllis,Jenkins,rjenkinsid@ucla.edu,Female,Robin,06/01/1972
663,Phillip,Morales,fmoralesie@elpais.com,Male,Frank,07/10/2008
664,Victor,Baker,dbakerif@cargocollective.com,Male,Donald,10/17/1933
665,Beverly,Nichols,knicholsig@t-online.de,Female,Kimberly,12/15/1992
666,Kathryn,Price,mpriceih@nbcnews.com,Female,Margaret,05/28/1986
667,Kathryn,Rice,nriceii@google.com.br,Female,Norma,08/04/1982
668,Janet,Harper,kharperij@lulu.com,Female,Kimberly,01/27/1941
669,John,Montgomery,smontgomeryik@boston.com,Male,Samuel,10/29/1939
670,William,Chavez,bchavezil@vk.com,Male,Brian,01/04/1945
671,Ernest,Weaver,mweaverim@furl.net,Male,Mark,09/21/2004
672,Benjamin,Jenkins,djenkinsin@plala.or.jp,Male,David,09/30/2004
673,Sharon,Diaz,tdiazio@arstechnica.com,Female,Teresa,10/05/1981
674,Helen,Ross,trossip@clickbank.net,Female,Tina,01/28/1971
675,Irene,Dunn,adunniq@prweb.com,Female,Andrea,10/09/1947
676,Victor,Rodriguez,jrodriguezir@cyberchimps.com,Male,Jimmy,12/04/1930
677,Sean,Nelson,gnelsonis@joomla.org,Male,George,02/02/1977
678,Heather,Hernandez,chernandezit@springer.com,Female,Cheryl,06/01/2003
679,Kevin,Riley,prileyiu@cocolog-nifty.com,Male,Patrick,05/15/1929
680,Bonnie,Arnold,aarnoldiv@woothemes.com,Female,Alice,01/23/1991
681,Carl,Rodriguez,prodrigueziw@go.com,Male,Paul,10/31/2005
682,Cheryl,Ortiz,jortizix@unicef.org,Female,Joan,08/29/1990
683,Terry,Lee,kleeiy@wsj.com,Male,Keith,08/20/2002
684,Laura,Bell,mbelliz@hugedomains.com,Female,Michelle,04/10/2003
685,Adam,Fernandez,afernandezj0@marketwatch.com,Male,Aaron,06/15/1944
686,Karen,Collins,scollinsj1@whitehouse.gov,Female,Susan,08/10/1983
687,Sarah,Mccoy,bmccoyj2@i2i.jp,Female,Beverly,03/29/1980
688,Robin,Davis,sdavisj3@skyrock.com,Female,Susan,11/10/1986
689,Robin,Schmidt,jschmidtj4@wordpress.org,Female,Jane,02/28/1994
690,Harold,Freeman,dfreemanj5@exblog.jp,Male,Daniel,01/25/1996
691,Alice,Reyes,dreyesj6@fda.gov,Female,Diane,10/03/1964
692,Nancy,Garcia,mgarciaj7@upenn.edu,Female,Maria,02/02/1947
693,Wayne,Matthews,mmatthewsj8@macromedia.com,Male,Martin,11/12/1988
694,Beverly,Murphy,jmurphyj9@technorati.com,Female,Joan,06/30/1982
695,Sean,Mitchell,smitchellja@intel.com,Male,Steven,04/29/1944
696,David,Coleman,pcolemanjb@phpbb.com,Male,Peter,12/20/2004
697,Paula,Ward,pwardjc@yelp.com,Female,Paula,05/23/2002
698,Susan,Fields,rfieldsjd@prnewswire.com,Female,Rose,01/08/1957
699,Michael,Taylor,ctaylorje@dagondesign.com,Male,Carlos,03/30/2011
700,George,Ramos,wramosjf@163.com,Male,Wayne,04/23/1975
701,Teresa,Green,sgreenjg@posterous.com,Female,Susan,11/06/1997
702,Norma,Nichols,mnicholsjh@yandex.ru,Female,Maria,06/06/1936
703,Ruth,Johnson,jjohnsonji@yellowbook.com,Female,Jane,07/08/2006
704,Phillip,Arnold,marnoldjj@google.fr,Male,Michael,10/17/1949
705,Jane,Fernandez,jfernandezjk@state.tx.us,Female,Judith,12/26/1961
706,Julia,Garza,rgarzajl@guardian.co.uk,Female,Robin,07/04/1972
707,Randy,Frazier,jfrazierjm@comsenz.com,Male,Jesse,11/04/2003
708,Catherine,Arnold,jarnoldjn@addtoany.com,Female,Janice,06/23/1930
709,Christine,Warren,cwarrenjo@wsj.com,Female,Christina,09/16/1958
710,Johnny,Davis,adavisjp@indiatimes.com,Male,Anthony,06/13/1960
711,Theresa,Richards,srichardsjq@e-recht24.de,Female,Susan,07/16/2000
712,Johnny,Carter,jcarterjr@xrea.com,Male,Jack,01/25/1960
713,Amanda,Jacobs,djacobsjs@dedecms.com,Female,Deborah,08/20/1954
714,Eugene,Mcdonald,tmcdonaldjt@myspace.com,Male,Thomas,11/18/1962
715,Ralph,Hanson,ahansonju@phoca.cz,Male,Antonio,08/05/1952
716,Rose,Warren,dwarrenjv@fc2.com,Female,Diana,05/20/1960
717,Jack,Ray,lrayjw@hatena.ne.jp,Male,Larry,02/09/1930
718,Phillip,Jenkins,pjenkinsjx@imageshack.us,Male,Philip,08/31/2005
719,Eric,Gonzales,cgonzalesjy@blogs.com,Male,Charles,08/29/1993
720,Helen,Miller,jmillerjz@blogspot.com,Female,Julia,04/28/1961
721,Julia,Warren,jwarrenk0@examiner.com,Female,Judith,04/22/1963
722,Earl,Ward,cwardk1@unblog.fr,Male,Carlos,04/10/2002
723,Frank,Rose,erosek2@baidu.com,Male,Eric,11/12/1974
724,Margaret,Payne,cpaynek3@amazonaws.com,Female,Cynthia,10/28/1937
725,Alice,Flores,cfloresk4@economist.com,Female,Cynthia,04/27/1920
726,Jacqueline,Ryan,kryank5@tiny.cc,Female,Kimberly,12/17/1941
727,Nicole,Nguyen,anguyenk6@nymag.com,Female,Anna,12/26/1949
728,Mark,Romero,hromerok7@jugem.jp,Male,Howard,11/18/1995
729,Phillip,Owens,aowensk8@xing.com,Male,Antonio,07/29/1948
730,Sarah,Wilson,kwilsonk9@boston.com,Female,Kimberly,06/30/1932
731,Timothy,Payne,jpayneka@webs.com,Male,Jeffrey,03/21/1994
732,Steve,Peterson,jpetersonkb@fema.gov,Male,Jose,05/21/1940
733,Aaron,Long,glongkc@businessweek.com,Male,Gary,06/24/1986
734,Joseph,Olson,wolsonkd@rediff.com,Male,William,03/05/1980
735,Shirley,Ford,afordke@1688.com,Female,Anne,01/22/1966
736,Gloria,Stanley,dstanleykf@wunderground.com,Female,Debra,08/24/2007
737,Thomas,Webb,jwebbkg@imdb.com,Male,Jonathan,07/08/2009
738,Robert,Romero,cromerokh@cmu.edu,Male,Charles,06/20/1984
739,Roger,Long,rlongki@spiegel.de,Male,Roy,10/20/1923
740,Theresa,Carpenter,rcarpenterkj@163.com,Female,Robin,07/20/2014
741,Justin,Reyes,treyeskk@creativecommons.org,Male,Todd,07/28/1957
742,Bonnie,King,akingkl@sitemeter.com,Female,Angela,09/08/1978
743,Kathy,Frazier,cfrazierkm@gizmodo.com,Female,Carolyn,11/21/1951
744,Benjamin,Rose,jrosekn@stumbleupon.com,Male,Jason,12/29/1954
745,Marilyn,Turner,bturnerko@unicef.org,Female,Beverly,08/17/1978
746,Virginia,Duncan,aduncankp@psu.edu,Female,Anne,08/09/1923
747,Ann,Gardner,jgardnerkq@google.ca,Female,Julia,03/03/1971
748,Norma,Reid,preidkr@bigcartel.com,Female,Patricia,07/15/1972
749,Jennifer,Johnson,ljohnsonks@techcrunch.com,Female,Linda,02/21/1937
750,Richard,Meyer,jmeyerkt@bbb.org,Male,Jeremy,08/05/1974
751,Keith,Cole,bcoleku@dagondesign.com,Male,Bobby,01/22/1931
752,Harold,Clark,hclarkkv@altervista.org,Male,Henry,10/04/2006
753,Anna,Morales,jmoraleskw@home.pl,Female,Joan,07/12/1993
754,Sharon,Holmes,dholmeskx@tiny.cc,Female,Denise,11/19/1978
755,Tammy,Berry,nberryky@bloglovin.com,Female,Norma,01/22/1989
756,Irene,Adams,aadamskz@chicagotribune.com,Female,Alice,06/22/1935
757,Phillip,George,bgeorgel0@sogou.com,Male,Bruce,08/21/1944
758,Beverly,Tucker,stuckerl1@samsung.com,Female,Susan,10/16/1993
759,Deborah,Romero,dromerol2@mysql.com,Female,Diane,02/29/1976
760,Diana,White,swhitel3@indiatimes.com,Female,Sandra,06/27/1949
761,William,Dunn,vdunnl4@wiley.com,Male,Victor,02/06/2004
762,Irene,Sullivan,lsullivanl5@senate.gov,Female,Lois,12/16/1983
763,Shawn,Ross,rrossl6@amazon.co.uk,Male,Robert,10/29/1958
764,Jimmy,Cooper,gcooperl7@ebay.co.uk,Male,George,05/04/1960
765,Patricia,Meyer,smeyerl8@usda.gov,Female,Stephanie,06/02/2001
766,Douglas,Greene,cgreenel9@nasa.gov,Male,Clarence,08/08/1987
767,Robin,Fowler,mfowlerla@wired.com,Female,Maria,11/21/2014
768,Stephen,Elliott,helliottlb@google.com.au,Male,Harold,09/01/1951
769,George,Shaw,ashawlc@bandcamp.com,Male,Adam,01/11/1975
770,Evelyn,Harper,aharperld@cornell.edu,Female,Anne,08/16/1996
771,Jose,Harris,dharrisle@comsenz.com,Male,Donald,12/02/1984
772,Lawrence,Robinson,brobinsonlf@spiegel.de,Male,Bobby,03/31/2009
773,Anthony,Murray,pmurraylg@gizmodo.com,Male,Peter,05/23/1936
774,Ruth,Collins,acollinslh@usgs.gov,Female,Andrea,03/21/1939
775,Russell,Evans,jevansli@miitbeian.gov.cn,Male,Jack,08/24/1954
776,Christina,Griffin,mgriffinlj@digg.com,Female,Maria,01/06/1967
777,Cynthia,Mccoy,tmccoylk@seattletimes.com,Female,Tina,08/27/1986
778,Juan,Sanchez,esanchezll@wikimedia.org,Male,Edward,11/11/1982
779,Peter,Greene,jgreenelm@webnode.com,Male,Jerry,01/05/1998
780,Chris,Morgan,smorganln@ask.com,Male,Steven,03/05/1959
781,David,Hanson,jhansonlo@reuters.com,Male,Juan,03/14/1973
782,Rebecca,Collins,mcollinslp@wikimedia.org,Female,Michelle,07/22/2002
783,Julia,Nelson,cnelsonlq@microsoft.com,Female,Carol,02/15/1970
784,Donald,Butler,pbutlerlr@blogspot.com,Male,Phillip,07/17/1923
785,Joseph,Hicks,ahicksls@nytimes.com,Male,Adam,05/27/1993
786,Ruby,Brown,nbrownlt@washington.edu,Female,Nancy,05/19/2004
787,Samuel,Wright,lwrightlu@ca.gov,Male,Larry,09/16/1960
788,Craig,Ward,rwardlv@prlog.org,Male,Russell,03/28/1945
789,Kathleen,Roberts,jrobertslw@theatlantic.com,Female,Jean,07/24/1930
790,Shawn,Gomez,bgomezlx@wisc.edu,Male,Benjamin,11/25/2010
791,Arthur,Walker,twalkerly@sphinn.com,Male,Thomas,08/12/1970
792,Terry,Martinez,bmartinezlz@blinklist.com,Male,Brian,01/14/1971
793,Christopher,Hudson,chudsonm0@examiner.com,Male,Charles,01/06/1924
794,Peter,Carpenter,dcarpenterm1@360.cn,Male,Dennis,09/01/1962
795,Mark,Owens,rowensm2@mlb.com,Male,Roger,06/10/2005
796,Mark,Rivera,jriveram3@mayoclinic.com,Male,Jeffrey,05/17/1992
797,Eugene,Howell,jhowellm4@huffingtonpost.com,Male,Jesse,08/30/1966
798,Shawn,Carr,ccarrm5@globo.com,Male,Clarence,07/02/1952
799,Norma,Coleman,mcolemanm6@purevolume.com,Female,Margaret,02/08/1924
800,Billy,Young,eyoungm7@dropbox.com,Male,Earl,02/08/1956
801,Philip,Coleman,ccolemanm8@github.com,Male,Christopher,11/20/1953
802,Christopher,Day,jdaym9@engadget.com,Male,Juan,06/21/1927
803,Elizabeth,Ryan,tryanma@constantcontact.com,Female,Theresa,06/30/1970
804,Scott,Bishop,sbishopmb@bizjournals.com,Male,Sean,03/09/1991
805,Fred,George,mgeorgemc@theguardian.com,Male,Mark,09/12/1949
806,Brian,Morgan,wmorganmd@nymag.com,Male,Walter,11/26/1956
807,Deborah,Mason,emasonme@admin.ch,Female,Elizabeth,09/24/2013
808,Antonio,Hudson,phudsonmf@newyorker.com,Male,Phillip,10/16/1959
809,Alan,Fowler,kfowlermg@ucoz.com,Male,Keith,08/15/1986
810,Frances,Thomas,kthomasmh@cam.ac.uk,Female,Kathy,07/07/1924
811,Harold,Fernandez,cfernandezmi@t.co,Male,Chris,06/17/1953
812,Phyllis,Kennedy,gkennedymj@mashable.com,Female,Gloria,10/23/1926
813,Sean,Gonzalez,egonzalezmk@shutterfly.com,Male,Eric,01/10/1938
814,Jonathan,Rivera,lriveraml@oakley.com,Male,Larry,03/31/1944
815,Willie,Adams,badamsmm@trellian.com,Male,Bobby,09/20/1966
816,Raymond,Thompson,cthompsonmn@cpanel.net,Male,Carlos,05/19/1937
817,Timothy,Frazier,afraziermo@jiathis.com,Male,Albert,05/24/2009
818,Joan,Willis,rwillismp@goo.ne.jp,Female,Rose,07/28/1991
819,Robin,Oliver,dolivermq@people.com.cn,Female,Doris,02/02/1955
820,Amanda,Bailey,ebaileymr@guardian.co.uk,Female,Evelyn,10/01/1972
821,Kathryn,Stewart,nstewartms@nature.com,Female,Norma,10/13/1951
822,Evelyn,Franklin,pfranklinmt@vistaprint.com,Female,Pamela,06/07/1953
823,Michael,Wheeler,hwheelermu@jalbum.net,Male,Harold,10/29/1951
824,Gerald,Sims,jsimsmv@dot.gov,Male,Justin,04/04/2008
825,Rebecca,Wallace,awallacemw@about.me,Female,Andrea,12/24/2008
826,Anna,Garza,cgarzamx@hostgator.com,Female,Carol,02/13/1924
827,Richard,Burke,pburkemy@jimdo.com,Male,Patrick,06/29/2016
828,Joyce,Oliver,iolivermz@utexas.edu,Female,Irene,02/02/1971
829,Albert,Young,pyoungn0@cam.ac.uk,Male,Peter,06/13/2001
830,Marilyn,Weaver,jweavern1@hud.gov,Female,Janice,01/27/1958
831,Tina,Day,jdayn2@facebook.com,Female,Jane,01/17/1984
832,George,Watkins,jwatkinsn3@craigslist.org,Male,Jose,05/01/1944
833,Jessica,Moore,lmooren4@chronoengine.com,Female,Lillian,04/01/1923
834,Barbara,Sims,csimsn5@princeton.edu,Female,Carolyn,04/03/2013
835,Juan,Green,lgreenn6@uol.com.br,Male,Larry,04/18/1926
836,George,Griffin,jgriffinn7@utexas.edu,Male,Justin,05/05/1999
837,Janice,Marshall,amarshalln8@homestead.com,Female,Anne,11/23/1990
838,Lori,Meyer,jmeyern9@rambler.ru,Female,Jacqueline,12/02/1927
839,Jack,Anderson,candersonna@feedburner.com,Male,Christopher,08/12/2007
840,Chris,Murphy,jmurphynb@istockphoto.com,Male,Jimmy,08/12/1920
841,Linda,Lee,aleenc@amazon.de,Female,Amanda,07/25/1938
842,Walter,Carpenter,jcarpenternd@fda.gov,Male,James,04/30/1983
843,Tammy,Kim,mkimne@issuu.com,Female,Mary,01/29/1938
844,Shawn,Fowler,jfowlernf@oracle.com,Male,Jeffrey,07/29/1958
845,Debra,Johnson,tjohnsonng@marketwatch.com,Female,Teresa,11/24/2014
846,Julia,Watkins,kwatkinsnh@nps.gov,Female,Karen,12/21/2004
847,Bruce,Andrews,candrewsni@meetup.com,Male,Carl,07/21/1922
848,Gary,Morris,pmorrisnj@geocities.com,Male,Phillip,03/06/1979
849,Roger,Mccoy,bmccoynk@rambler.ru,Male,Brian,08/25/1925
850,Eric,Kennedy,jkennedynl@wix.com,Male,Jeremy,06/30/1931
851,Jessica,Meyer,dmeyernm@yahoo.com,Female,Dorothy,05/20/1983
852,Phyllis,Rivera,mriverann@indiatimes.com,Female,Marie,11/21/1964
853,Patrick,Fisher,efisherno@vimeo.com,Male,Edward,10/17/1934
854,Earl,Hamilton,jhamiltonnp@gravatar.com,Male,Justin,10/21/1930
855,Cheryl,Young,cyoungnq@columbia.edu,Female,Carolyn,04/07/1972
856,Joseph,Lopez,alopeznr@hostgator.com,Male,Andrew,03/01/1923
857,Christine,Schmidt,dschmidtns@google.com,Female,Deborah,10/09/1952
858,Diane,Perkins,mperkinsnt@army.mil,Female,Maria,06/11/1957
859,Fred,Stanley,bstanleynu@sitemeter.com,Male,Brandon,04/14/1968
860,Albert,Rodriguez,wrodrigueznv@vinaora.com,Male,William,04/27/1948
861,Joshua,Miller,kmillernw@answers.com,Male,Kevin,05/12/1997
862,Phyllis,Mendoza,tmendozanx@fc2.com,Female,Tina,11/29/1985
863,Angela,Payne,vpayneny@oracle.com,Female,Virginia,12/03/1972
864,Eugene,Lawrence,jlawrencenz@go.com,Male,Justin,09/11/1989
865,Anthony,Riley,jrileyo0@ycombinator.com,Male,Jeffrey,01/28/1975
866,Teresa,Lynch,alyncho1@creativecommons.org,Female,Amy,11/15/1956
867,Jimmy,Reyes,freyeso2@multiply.com,Male,Frank,08/06/1936
868,Teresa,Jacobs,djacobso3@spotify.com,Female,Deborah,02/05/1956
869,Douglas,Walker,awalkero4@amazon.co.jp,Male,Antonio,06/10/1921
870,Lori,Kim,rkimo5@bizjournals.com,Female,Ruth,12/04/1954
871,Roy,Kelly,ckellyo6@usda.gov,Male,Carlos,03/16/1945
872,Kimberly,Diaz,ndiazo7@so-net.ne.jp,Female,Nancy,06/08/1964
873,William,Stone,astoneo8@miibeian.gov.cn,Male,Aaron,10/27/1994
874,Arthur,Jacobs,cjacobso9@youku.com,Male,Craig,07/02/1956
875,Scott,Reyes,jreyesoa@dot.gov,Male,Jose,08/17/1994
876,Henry,Wheeler,ewheelerob@plala.or.jp,Male,Earl,09/27/1967
877,Judy,Russell,prusselloc@amazon.co.uk,Female,Paula,05/31/1980
878,Cheryl,Carter,acarterod@noaa.gov,Female,Anna,10/07/1985
879,Linda,Carter,kcarteroe@uol.com.br,Female,Katherine,06/30/1981
880,Nicholas,Morrison,rmorrisonof@cam.ac.uk,Male,Robert,04/23/1934
881,Earl,Robertson,arobertsonog@mapy.cz,Male,Albert,05/05/1989
882,Richard,Cole,jcoleoh@clickbank.net,Male,Jason,01/12/2004
883,Carl,Ray,erayoi@craigslist.org,Male,Edward,12/08/1976
884,Jesse,Mills,jmillsoj@independent.co.uk,Male,Justin,09/19/2013
885,Carlos,Fields,gfieldsok@reverbnation.com,Male,George,10/08/1959
886,Cheryl,Ryan,kryanol@purevolume.com,Female,Kelly,06/27/1966
887,Ann,Harrison,tharrisonom@hp.com,Female,Tammy,11/04/1929
888,Diana,Medina,mmedinaon@qq.com,Female,Melissa,12/30/1934
889,Jeremy,Romero,lromerooo@biglobe.ne.jp,Male,Louis,09/18/1979
890,Lawrence,Evans,jevansop@moonfruit.com,Male,Joseph,10/03/1991
891,Harry,Hunter,jhunteroq@tmall.com,Male,Jimmy,08/03/1922
892,Christina,Alexander,dalexanderor@tinypic.com,Female,Doris,02/13/1933
893,Heather,Phillips,sphillipsos@jigsy.com,Female,Sharon,08/26/1996
894,Henry,Armstrong,jarmstrongot@about.me,Male,Joe,12/26/1949
895,Karen,Simmons,nsimmonsou@is.gd,Female,Nicole,02/01/2004
896,Dennis,Williamson,rwilliamsonov@pinterest.com,Male,Ryan,04/10/1950
897,Aaron,Boyd,bboydow@ft.com,Male,Brandon,11/18/1925
898,Ronald,Warren,swarrenox@opera.com,Male,Samuel,08/06/1962
899,Cheryl,Bishop,lbishopoy@time.com,Female,Lisa,09/23/1941
900,Donna,Marshall,cmarshalloz@sbwire.com,Female,Cynthia,08/05/1986
901,Donna,Palmer,cpalmerp0@youtu.be,Female,Cynthia,02/02/1983
902,Frances,Elliott,celliottp1@noaa.gov,Female,Cynthia,03/05/1989
903,Jack,Bishop,hbishopp2@nature.com,Male,Henry,12/12/1992
904,Joyce,Ortiz,portizp3@census.gov,Female,Phyllis,04/16/1987
905,Todd,Hamilton,chamiltonp4@simplemachines.org,Male,Carlos,01/13/1926
906,Jonathan,Roberts,erobertsp5@quantcast.com,Male,Eric,05/14/2001
907,Lisa,Kelly,kkellyp6@1und1.de,Female,Kelly,07/20/1977
908,Irene,Carter,rcarterp7@google.pl,Female,Robin,10/31/2006
909,Larry,Lane,hlanep8@discuz.net,Male,Henry,05/23/1960
910,Jonathan,Perkins,jperkinsp9@ask.com,Male,Jimmy,04/06/2009
911,Elizabeth,Patterson,kpattersonpa@ycombinator.com,Female,Kathryn,05/02/1945
912,Rebecca,Stephens,nstephenspb@slashdot.org,Female,Nicole,03/05/1984
913,Steve,Willis,bwillispc@twitter.com,Male,Bobby,06/30/1954
914,Mary,Bailey,abaileypd@sina.com.cn,Female,Ashley,04/11/1946
915,Kathryn,Harper,mharperpe@canalblog.com,Female,Marie,09/10/1965
916,Jeffrey,Carpenter,mcarpenterpf@nhs.uk,Male,Mark,11/07/1920
917,Randy,Parker,rparkerpg@jigsy.com,Male,Roy,02/16/1976
918,Rebecca,Garza,jgarzaph@rediff.com,Female,Jane,04/27/1979
919,Donald,Elliott,kelliottpi@tripod.com,Male,Kevin,04/03/1942
920,Patrick,Gardner,tgardnerpj@yelp.com,Male,Terry,01/16/1984
921,Gregory,Cook,tcookpk@buzzfeed.com,Male,Thomas,11/14/1998
922,Rose,Ward,bwardpl@bloglines.com,Female,Betty,01/28/1946
923,Katherine,Perry,bperrypm@nbcnews.com,Female,Beverly,11/21/1923
924,Joan,Fox,cfoxpn@cam.ac.uk,Female,Cynthia,03/28/1988
925,Tammy,Bryant,dbryantpo@berkeley.edu,Female,Dorothy,10/15/1997
926,Marie,Hunter,shunterpp@quantcast.com,Female,Sharon,07/26/1980
927,Jack,Smith,dsmithpq@nymag.com,Male,Douglas,10/24/1976
928,Kimberly,Harper,jharperpr@nymag.com,Female,Janet,05/18/1976
929,Kathy,Elliott,selliottps@de.vu,Female,Sharon,04/27/1934
930,Randy,Henderson,shendersonpt@fda.gov,Male,Shawn,09/28/1959
931,Amy,Rogers,drogerspu@geocities.com,Female,Diane,06/26/1933
932,Martin,Washington,awashingtonpv@alibaba.com,Male,Alan,02/16/1943
933,Howard,Murphy,kmurphypw@altervista.org,Male,Kenneth,10/31/1968
934,Paul,Stewart,estewartpx@examiner.com,Male,Ernest,08/19/1928
935,Tina,Nguyen,bnguyenpy@cpanel.net,Female,Bonnie,02/21/1946
936,Martha,Patterson,npattersonpz@spiegel.de,Female,Nicole,09/17/1928
937,Sharon,Hughes,rhughesq0@infoseek.co.jp,Female,Ruth,09/14/1935
938,Gerald,Walker,rwalkerq1@pen.io,Male,Robert,07/17/2010
939,Patrick,Stevens,pstevensq2@twitpic.com,Male,Phillip,02/10/1986
940,Marilyn,Walker,hwalkerq3@eventbrite.com,Female,Heather,10/16/1967
941,Nicholas,Fernandez,jfernandezq4@dell.com,Male,Joseph,08/26/2010
942,Gary,Simpson,rsimpsonq5@opensource.org,Male,Ralph,07/21/1938
943,Patricia,Fowler,dfowlerq6@mail.ru,Female,Doris,07/04/1994
944,Gary,Sanchez,asanchezq7@tiny.cc,Male,Andrew,07/26/1980
945,Emily,Jacobs,ajacobsq8@tinypic.com,Female,Andrea,10/23/1942
946,Heather,Alvarez,malvarezq9@marriott.com,Female,Marilyn,08/04/1952
947,Joseph,Nelson,rnelsonqa@123-reg.co.uk,Male,Ralph,01/24/1940
948,Lois,Gonzales,cgonzalesqb@statcounter.com,Female,Cynthia,04/13/1985
949,Adam,Spencer,gspencerqc@eventbrite.com,Male,Gary,10/22/1956
950,Ruby,Reed,sreedqd@slate.com,Female,Sara,09/24/1995
951,Douglas,Daniels,rdanielsqe@deliciousdays.com,Male,Roger,08/05/1982
952,Craig,Burns,cburnsqf@un.org,Male,Christopher,02/24/1996
953,Jason,Gibson,pgibsonqg@hostgator.com,Male,Patrick,08/04/2013
954,Christina,Baker,vbakerqh@list-manage.com,Female,Virginia,04/25/1978
955,Debra,Tucker,stuckerqi@chicagotribune.com,Female,Sharon,06/06/1948
956,Kenneth,Ellis,hellisqj@hostgator.com,Male,Howard,08/23/1985
957,Gloria,Hunter,thunterqk@bigcartel.com,Female,Teresa,01/16/1922
958,Thomas,Thompson,athompsonql@cnn.com,Male,Albert,03/12/1923
959,Kathy,Ramos,lramosqm@senate.gov,Female,Lois,12/08/1992
960,Stephanie,Kelly,mkellyqn@fc2.com,Female,Mildred,02/06/2010
961,Anthony,Ortiz,mortizqo@devhub.com,Male,Mark,01/26/1965
962,Anthony,Moore,jmooreqp@theguardian.com,Male,Jonathan,03/21/1993
963,Catherine,Fernandez,dfernandezqq@163.com,Female,Donna,01/19/1933
964,Samuel,Mills,smillsqr@sbwire.com,Male,Shawn,06/28/1971
965,Beverly,Austin,saustinqs@noaa.gov,Female,Sandra,08/14/1949
966,Robert,Anderson,landersonqt@apache.org,Male,Lawrence,06/26/1939
967,Ashley,Anderson,landersonqu@bbb.org,Female,Louise,10/14/1989
968,Christine,Dean,ddeanqv@umn.edu,Female,Donna,06/01/2010
969,Melissa,Dean,tdeanqw@networkadvertising.org,Female,Tammy,10/26/2012
970,Aaron,Hamilton,dhamiltonqx@seesaa.net,Male,David,10/18/2004
971,Frances,Hunt,shuntqy@hatena.ne.jp,Female,Shirley,03/30/1961
972,Ann,Arnold,aarnoldqz@unicef.org,Female,Anne,11/01/1980
973,Carlos,Moore,cmoorer0@topsy.com,Male,Christopher,01/24/1978
974,Samuel,Price,tpricer1@microsoft.com,Male,Terry,09/28/2015
975,Lillian,Nichols,pnicholsr2@marketwatch.com,Female,Paula,02/03/1922
976,Cheryl,Crawford,hcrawfordr3@themeforest.net,Female,Helen,08/04/1967
977,Randy,Riley,wrileyr4@oakley.com,Male,Willie,05/25/1974
978,Karen,Phillips,bphillipsr5@google.it,Female,Bonnie,03/02/1950
979,Joyce,Mcdonald,jmcdonaldr6@yolasite.com,Female,Julia,12/29/1944
980,Brenda,Reyes,jreyesr7@flickr.com,Female,Janice,11/11/1985
981,Judith,Fernandez,sfernandezr8@slideshare.net,Female,Susan,05/18/1952
982,Jane,Howell,ahowellr9@irs.gov,Female,Anna,08/14/1920
983,Larry,Howell,ghowellra@ehow.com,Male,Gerald,09/13/2010
984,Jose,Wright,ewrightrb@comcast.net,Male,Edward,10/06/1940
985,Lawrence,Mccoy,cmccoyrc@devhub.com,Male,Chris,02/19/1972
986,Jean,Mitchell,vmitchellrd@addthis.com,Female,Virginia,07/02/1944
987,Antonio,Green,jgreenre@nbcnews.com,Male,Joseph,01/27/1940
988,Jack,Butler,nbutlerrf@stanford.edu,Male,Nicholas,06/02/2015
989,Linda,Kennedy,jkennedyrg@cisco.com,Female,Janice,12/25/1960
990,Kathy,Russell,krussellrh@ted.com,Female,Katherine,09/22/1995
991,Chris,Harrison,gharrisonri@tmall.com,Male,Gerald,04/22/2000
992,Victor,Simmons,rsimmonsrj@last.fm,Male,Russell,04/09/1982
993,Judith,Hughes,thughesrk@newyorker.com,Female,Teresa,09/29/1977
994,Earl,Watkins,cwatkinsrl@sfgate.com,Male,Christopher,10/04/2009
995,Terry,Evans,jevansrm@phpbb.com,Male,Joseph,03/14/2003
996,Lillian,Fields,pfieldsrn@hao123.com,Female,Patricia,08/17/1941
997,Helen,Hanson,lhansonro@google.com,Female,Lois,09/08/1925
998,Dorothy,Hart,lhartrp@phoca.cz,Female,Louise,06/20/2010
999,Denise,Wheeler,lwheelerrq@wikia.com,Female,Lori,06/17/1959
1000,Ryan,Parker,aparkerrr@ted.com,Male,Alan,07/12/2009
