first_name,last_name,email,gender,ip_address
Larry,Fisher,lfisher0@google.fr,Male,128.239.84.50
Kevin,Ellis,kellis1@mashable.com,Male,221.40.195.64
Julie,Wilson,jwilson2@theguardian.com,Female,68.183.79.189
Eugene,Knight,eknight3@ucla.edu,Male,73.165.6.230
Joseph,Medina,jmedina4@jimdo.com,Male,100.0.51.109
Alan,Myers,amyers5@wufoo.com,Male,123.141.192.160
Samuel,Frazier,sfrazier6@ucsd.edu,Male,66.85.218.121
Amanda,Murphy,amurphy7@fastcompany.com,Female,122.14.135.226
Joyce,Hansen,jhansen8@unc.edu,Female,210.138.251.105
Judith,Chavez,jchavez9@vkontakte.ru,Female,82.118.63.65
Paul,Price,ppricea@cloudflare.com,Male,130.3.138.210
Lori,Ramirez,lramirezb@indiegogo.com,Female,47.151.165.44
Barbara,Daniels,bdanielsc@spiegel.de,Female,233.242.250.130
Joseph,Morris,jmorrisd@ibm.com,Male,123.249.134.180
Melissa,Jones,mjonese@unicef.org,Female,0.200.189.131
Andrea,Henry,ahenryf@columbia.edu,Female,13.145.123.84
Teresa,Chapman,tchapmang@ning.com,Female,245.182.114.206
Jack,Freeman,jfreemanh@youku.com,Male,252.31.12.17
Linda,Oliver,loliveri@cisco.com,Female,76.65.121.28
Kevin,Kelley,kkelleyj@dmoz.org,Male,112.160.64.251
Sean,Nelson,snelsonk@163.com,Male,149.94.236.33
Andrea,Ray,arayl@vk.com,Female,55.159.176.236
Roy,Riley,rrileym@cbc.ca,Male,50.107.78.64
Lisa,Owens,lowensn@studiopress.com,Female,191.154.121.151
Lisa,Matthews,lmatthewso@jalbum.net,Female,22.110.180.84
Bonnie,Frazier,bfrazierp@slashdot.org,Female,240.31.119.26
Laura,Mason,lmasonq@cam.ac.uk,Female,87.88.197.251
Dorothy,Hawkins,dhawkinsr@statcounter.com,Female,226.103.200.149
Chris,Gutierrez,cgutierrezs@umn.edu,Male,110.50.160.124
Randy,Ramirez,rramirezt@jimdo.com,Male,194.174.94.171
Thomas,Perkins,tperkinsu@ihg.com,Male,5.128.78.86
Kathleen,Mills,kmillsv@theatlantic.com,Female,63.151.21.243
Amanda,Turner,aturnerw@quantcast.com,Female,77.252.178.169
Daniel,Fowler,dfowlerx@eventbrite.com,Male,72.79.179.218
Jimmy,Cook,jcooky@hibu.com,Male,157.167.209.21
Dennis,Burns,dburnsz@nyu.edu,Male,192.231.74.104
Sharon,Freeman,sfreeman10@who.int,Female,109.255.89.147
Adam,Gutierrez,agutierrez11@cisco.com,Male,232.141.233.212
Wayne,Lawrence,wlawrence12@yellowbook.com,Male,227.41.58.185
Philip,Burns,pburns13@discuz.net,Male,162.12.230.233
Sandra,Wright,swright14@mtv.com,Female,159.175.217.130
David,Gilbert,dgilbert15@nasa.gov,Male,76.160.185.185
Henry,Boyd,hboyd16@hao123.com,Male,128.180.200.35
Samuel,Jackson,sjackson17@amazon.com,Male,59.236.72.109
Ryan,Berry,rberry18@wired.com,Male,179.165.60.113
Steven,Miller,smiller19@princeton.edu,Male,5.229.31.13
Samuel,Watson,swatson1a@nydailynews.com,Male,243.142.174.27
Clarence,Allen,callen1b@miitbeian.gov.cn,Male,55.231.18.114
Brenda,Ward,bward1c@goo.gl,Female,204.202.246.209
Carol,Miller,cmiller1d@loc.gov,Female,128.58.83.22
Cheryl,Carr,ccarr1e@instagram.com,Female,219.225.73.200
Dorothy,Richardson,drichardson1f@tumblr.com,Female,53.130.100.39
Wayne,Mcdonald,wmcdonald1g@aol.com,Male,255.200.216.119
Karen,Freeman,kfreeman1h@columbia.edu,Female,222.200.249.40
Kathy,Bailey,kbailey1i@wikipedia.org,Female,65.3.178.186
Rebecca,Montgomery,rmontgomery1j@cyberchimps.com,Female,171.77.251.250
Evelyn,Anderson,eanderson1k@umich.edu,Female,104.52.229.105
Charles,Olson,colson1l@yolasite.com,Male,70.87.64.14
Albert,Fox,afox1m@addtoany.com,Male,95.229.232.94
Raymond,Romero,rromero1n@abc.net.au,Male,91.250.102.43
Steve,Weaver,sweaver1o@trellian.com,Male,117.30.54.107
Adam,West,awest1p@bizjournals.com,Male,195.111.24.135
Rachel,Morgan,rmorgan1q@webs.com,Female,44.136.142.52
Maria,Price,mprice1r@imageshack.us,Female,237.151.54.213
Rebecca,Romero,rromero1s@answers.com,Female,157.217.84.50
Kelly,Alexander,kalexander1t@sina.com.cn,Female,52.160.174.168
George,Thompson,gthompson1u@google.es,Male,223.14.158.171
Louis,Richards,lrichards1v@amazon.co.jp,Male,154.17.79.173
Joyce,Jones,jjones1w@wordpress.com,Female,158.166.30.170
Brandon,Reynolds,breynolds1x@squarespace.com,Male,217.80.46.131
Christine,Dean,cdean1y@hexun.com,Female,172.7.251.179
Gloria,Rice,grice1z@rediff.com,Female,220.185.19.87
Ernest,Williamson,ewilliamson20@tmall.com,Male,152.170.21.152
Christopher,Cox,ccox21@eventbrite.com,Male,134.62.252.132
Jane,Hansen,jhansen22@whitehouse.gov,Female,147.85.2.79
Paula,Reynolds,preynolds23@nature.com,Female,209.84.164.157
Sean,Castillo,scastillo24@npr.org,Male,168.197.244.172
Ruby,Gomez,rgomez25@accuweather.com,Female,87.52.45.174
Jeffrey,Garza,jgarza26@mapquest.com,Male,1.24.186.137
Bruce,Lopez,blopez27@nbcnews.com,Male,53.134.71.59
Todd,Carr,tcarr28@redcross.org,Male,112.17.218.71
Ruby,Rivera,rrivera29@usatoday.com,Female,87.79.136.241
Amy,Ryan,aryan2a@issuu.com,Female,218.14.73.165
Martin,Rice,mrice2b@ft.com,Male,37.104.88.103
Jose,Flores,jflores2c@cnbc.com,Male,195.28.2.249
Katherine,Harper,kharper2d@cnbc.com,Female,49.109.129.131
Johnny,Frazier,jfrazier2e@mediafire.com,Male,183.199.5.59
Gloria,White,gwhite2f@tinypic.com,Female,186.44.130.21
Sean,Fisher,sfisher2g@barnesandnoble.com,Male,199.60.175.58
Virginia,Frazier,vfrazier2h@last.fm,Female,182.152.146.125
Bobby,Andrews,bandrews2i@soup.io,Male,129.97.36.230
Cynthia,Ray,cray2j@wisc.edu,Female,51.42.214.208
Norma,Hansen,nhansen2k@vistaprint.com,Female,33.220.243.11
Phyllis,Lewis,plewis2l@eventbrite.com,Female,48.76.250.185
Virginia,Hanson,vhanson2m@arizona.edu,Female,129.197.140.83
Thomas,Boyd,tboyd2n@addthis.com,Male,196.20.102.152
Kathy,Peterson,kpeterson2o@dell.com,Female,86.104.198.60
Jeffrey,Bowman,jbowman2p@imgur.com,Male,24.215.238.24
Gerald,Hamilton,ghamilton2q@cyberchimps.com,Male,7.224.164.214
Paul,Banks,pbanks2r@ft.com,Male,61.234.98.241
Theresa,Mills,tmills2s@globo.com,Female,121.64.88.170
Shirley,Fuller,sfuller2t@networksolutions.com,Female,86.154.6.230
Mary,Martinez,mmartinez2u@123-reg.co.uk,Female,99.118.222.146
Keith,Ford,kford2v@dropbox.com,Male,111.77.243.60
Rose,West,rwest2w@behance.net,Female,87.2.155.241
Arthur,Willis,awillis2x@list-manage.com,Male,255.69.64.67
Johnny,Sanchez,jsanchez2y@issuu.com,Male,109.240.17.1
Randy,Henry,rhenry2z@tmall.com,Male,52.154.185.186
Evelyn,Schmidt,eschmidt30@google.com.hk,Female,174.42.67.80
Harold,Nguyen,hnguyen31@bloomberg.com,Male,119.214.149.165
Bonnie,Davis,bdavis32@telegraph.co.uk,Female,150.188.101.181
Paula,Baker,pbaker33@sogou.com,Female,20.64.17.66
Gloria,Armstrong,garmstrong34@nba.com,Female,176.213.161.18
Carolyn,Black,cblack35@vistaprint.com,Female,191.187.150.105
Robin,Welch,rwelch36@amazonaws.com,Female,25.168.42.219
Brandon,Moore,bmoore37@google.es,Male,157.243.11.171
Theresa,Moore,tmoore38@pbs.org,Female,219.165.124.100
Denise,Bell,dbell39@cmu.edu,Female,11.21.97.67
Victor,White,vwhite3a@nationalgeographic.com,Male,192.226.151.118
Tina,Miller,tmiller3b@princeton.edu,Female,129.24.120.148
Christine,Wright,cwright3c@washington.edu,Female,225.226.45.244
Martha,Marshall,mmarshall3d@nasa.gov,Female,119.200.129.205
Joseph,Cook,jcook3e@un.org,Male,132.42.66.40
Margaret,Williamson,mwilliamson3f@angelfire.com,Female,70.187.128.54
James,Hart,jhart3g@buzzfeed.com,Male,241.32.36.141
Aaron,Moreno,amoreno3h@comcast.net,Male,40.178.82.36
Ruth,Clark,rclark3i@independent.co.uk,Female,113.143.13.231
Angela,Banks,abanks3j@europa.eu,Female,196.185.62.18
Judith,Sanchez,jsanchez3k@cam.ac.uk,Female,143.60.97.116
Charles,Lee,clee3l@feedburner.com,Male,116.143.239.66
Fred,Mendoza,fmendoza3m@pinterest.com,Male,208.72.122.19
Joe,Long,jlong3n@bandcamp.com,Male,160.246.213.31
Heather,Elliott,helliott3o@thetimes.co.uk,Female,113.49.88.174
Donald,Matthews,dmatthews3p@cdbaby.com,Male,163.82.252.246
Harry,Banks,hbanks3q@hao123.com,Male,52.42.66.231
Walter,Jacobs,wjacobs3r@guardian.co.uk,Male,89.180.221.140
Angela,West,awest3s@admin.ch,Female,82.7.116.180
Stephen,Hart,shart3t@artisteer.com,Male,195.95.206.25
Steven,Romero,sromero3u@icio.us,Male,202.149.248.110
Terry,King,tking3v@pbs.org,Male,189.119.109.23
Robert,Hicks,rhicks3w@disqus.com,Male,46.57.85.157
Lisa,Anderson,landerson3x@engadget.com,Female,216.237.30.21
Stephanie,Gibson,sgibson3y@taobao.com,Female,56.199.24.84
Alice,Mcdonald,amcdonald3z@wsj.com,Female,241.93.243.54
Janice,Fox,jfox40@bluehost.com,Female,135.110.137.43
Anna,Armstrong,aarmstrong41@google.fr,Female,159.138.177.233
Stephanie,Wells,swells42@princeton.edu,Female,222.4.56.249
John,Ramos,jramos43@aol.com,Male,169.4.201.55
Anne,Weaver,aweaver44@fotki.com,Female,49.198.237.105
Gloria,Thompson,gthompson45@1688.com,Female,143.206.132.155
Janice,Knight,jknight46@europa.eu,Female,12.143.236.153
Kimberly,Clark,kclark47@cbsnews.com,Female,120.97.171.136
Steve,Carter,scarter48@wikimedia.org,Male,22.160.151.128
Louis,Robinson,lrobinson49@twitter.com,Male,238.217.132.162
Anne,Dean,adean4a@photobucket.com,Female,154.139.51.243
Carol,Fuller,cfuller4b@jimdo.com,Female,34.160.5.20
Nancy,Rice,nrice4c@sina.com.cn,Female,176.6.18.177
Sarah,Thomas,sthomas4d@illinois.edu,Female,237.100.238.43
Theresa,Gonzales,tgonzales4e@fastcompany.com,Female,131.50.230.50
Arthur,Simmons,asimmons4f@netlog.com,Male,103.223.90.144
Bonnie,Torres,btorres4g@wufoo.com,Female,16.181.71.184
Louise,Brown,lbrown4h@google.com,Female,210.155.88.47
Wanda,Welch,wwelch4i@yellowpages.com,Female,127.7.31.100
Lori,James,ljames4j@hao123.com,Female,132.149.169.205
Jesse,Reyes,jreyes4k@vk.com,Male,222.65.186.61
Lawrence,Castillo,lcastillo4l@shinystat.com,Male,37.27.187.213
Betty,Johnston,bjohnston4m@howstuffworks.com,Female,213.245.206.167
Amanda,Black,ablack4n@unesco.org,Female,216.24.198.14
Jack,Howell,jhowell4o@ustream.tv,Male,136.250.15.171
Mildred,Collins,mcollins4p@purevolume.com,Female,47.236.79.22
Billy,Willis,bwillis4q@blogs.com,Male,97.165.140.81
Harold,Long,hlong4r@studiopress.com,Male,213.61.131.114
Amy,Banks,abanks4s@istockphoto.com,Female,56.61.16.7
Phillip,Vasquez,pvasquez4t@craigslist.org,Male,59.42.74.52
Annie,Bradley,abradley4u@uiuc.edu,Female,255.169.198.19
Frank,Hamilton,fhamilton4v@whitehouse.gov,Male,103.174.38.179
Shirley,Howell,showell4w@seattletimes.com,Female,149.37.0.152
Lois,Scott,lscott4x@omniture.com,Female,229.143.206.170
Irene,Snyder,isnyder4y@wikia.com,Female,69.252.133.207
Elizabeth,Sanchez,esanchez4z@sun.com,Female,43.74.92.11
Ryan,Stanley,rstanley50@myspace.com,Male,134.142.57.231
Maria,Armstrong,marmstrong51@cbc.ca,Female,174.186.199.48
Richard,Kelly,rkelly52@state.gov,Male,109.188.33.232
Beverly,Lawson,blawson53@bizjournals.com,Female,91.123.63.199
Henry,Hughes,hhughes54@wufoo.com,Male,59.157.59.192
Deborah,Watson,dwatson55@altervista.org,Female,144.11.203.178
Andrew,Berry,aberry56@mozilla.com,Male,183.196.201.114
Victor,Alexander,valexander57@cargocollective.com,Male,58.125.181.228
Judy,Rice,jrice58@digg.com,Female,182.94.10.188
Anna,Wheeler,awheeler59@redcross.org,Female,75.255.252.101
Denise,Ford,dford5a@51.la,Female,50.44.121.117
Frank,Baker,fbaker5b@chicagotribune.com,Male,74.85.112.148
Donald,Owens,dowens5c@reverbnation.com,Male,155.137.150.222
Jennifer,Greene,jgreene5d@goo.gl,Female,5.163.62.48
Emily,Berry,eberry5e@rambler.ru,Female,127.151.85.153
Randy,Collins,rcollins5f@github.com,Male,96.114.201.129
Debra,Cunningham,dcunningham5g@weibo.com,Female,225.1.201.245
Maria,Holmes,mholmes5h@feedburner.com,Female,120.87.21.1
Andrew,Hamilton,ahamilton5i@yelp.com,Male,133.186.227.126
Shawn,Larson,slarson5j@china.com.cn,Male,130.91.5.231
Betty,Moreno,bmoreno5k@qq.com,Female,143.242.133.228
Deborah,Holmes,dholmes5l@nbcnews.com,Female,112.10.209.38
Pamela,Thomas,pthomas5m@ovh.net,Female,168.99.74.61
Louise,Boyd,lboyd5n@linkedin.com,Female,233.5.21.244
Anne,Alvarez,aalvarez5o@springer.com,Female,86.210.10.242
Raymond,Garza,rgarza5p@g.co,Male,89.41.94.95
Douglas,Wheeler,dwheeler5q@myspace.com,Male,145.215.80.111
Eugene,Wagner,ewagner5r@g.co,Male,249.182.223.0
Rebecca,West,rwest5s@spiegel.de,Female,230.222.20.68
Pamela,Reynolds,preynolds5t@unicef.org,Female,26.80.34.223
Russell,Howard,rhoward5u@cisco.com,Male,244.203.12.136
Jacqueline,White,jwhite5v@umich.edu,Female,197.43.228.124
Joe,Washington,jwashington5w@dot.gov,Male,97.221.167.150
Joshua,Miller,jmiller5x@craigslist.org,Male,60.129.203.61
Amy,Woods,awoods5y@addtoany.com,Female,111.173.166.7
Bruce,Ramirez,bramirez5z@1688.com,Male,164.28.127.252
Bobby,Weaver,bweaver60@theglobeandmail.com,Male,91.40.133.228
Thomas,Cook,tcook61@time.com,Male,59.225.185.138
Amanda,Price,aprice62@godaddy.com,Female,113.168.50.217
Katherine,Perkins,kperkins63@drupal.org,Female,72.49.139.70
Ruth,Andrews,randrews64@theguardian.com,Female,204.156.253.53
Amanda,Powell,apowell65@ustream.tv,Female,107.46.195.164
Billy,Frazier,bfrazier66@clickbank.net,Male,37.186.116.164
Edward,Ford,eford67@yellowbook.com,Male,249.201.140.49
Christine,Adams,cadams68@google.com,Female,16.117.177.246
Ralph,Rice,rrice69@cmu.edu,Male,111.49.22.134
Harold,Kennedy,hkennedy6a@qq.com,Male,161.25.87.191
Kathy,Alexander,kalexander6b@samsung.com,Female,214.209.111.255
Keith,Matthews,kmatthews6c@yolasite.com,Male,201.248.10.205
Rose,Ramirez,rramirez6d@adobe.com,Female,15.32.182.239
Bonnie,Griffin,bgriffin6e@weibo.com,Female,125.87.110.169
Emily,Jacobs,ejacobs6f@google.com,Female,229.159.225.216
Lillian,Gomez,lgomez6g@twitter.com,Female,97.3.16.51
Donald,Carter,dcarter6h@squarespace.com,Male,182.107.22.106
Randy,Hill,rhill6i@plala.or.jp,Male,228.99.128.37
Craig,George,cgeorge6j@networkadvertising.org,Male,187.218.193.71
David,Nelson,dnelson6k@gov.uk,Male,118.156.62.7
Lillian,Williamson,lwilliamson6l@ning.com,Female,165.99.150.161
Nicole,Andrews,nandrews6m@mysql.com,Female,229.141.180.59
Fred,Jacobs,fjacobs6n@senate.gov,Male,6.144.59.60
Brian,Nguyen,bnguyen6o@cnn.com,Male,105.194.68.167
Walter,Reyes,wreyes6p@yandex.ru,Male,107.14.190.115
Catherine,Sims,csims6q@ibm.com,Female,53.11.20.119
Anthony,Martinez,amartinez6r@tamu.edu,Male,228.234.166.98
Louis,Reynolds,lreynolds6s@unc.edu,Male,187.110.160.121
Aaron,Powell,apowell6t@sfgate.com,Male,164.41.201.26
Samuel,Washington,swashington6u@sogou.com,Male,78.125.161.180
Lori,Boyd,lboyd6v@sciencedirect.com,Female,141.211.166.175
Victor,Richardson,vrichardson6w@hp.com,Male,51.170.196.126
Shawn,Ross,sross6x@indiegogo.com,Male,190.115.117.63
Gerald,Robertson,grobertson6y@java.com,Male,94.61.109.184
Janice,Jenkins,jjenkins6z@squidoo.com,Female,197.180.116.138
Debra,Rice,drice70@digg.com,Female,21.155.65.170
Gerald,Harrison,gharrison71@merriam-webster.com,Male,246.82.130.22
Pamela,Weaver,pweaver72@feedburner.com,Female,198.90.175.33
Jean,Cole,jcole73@google.it,Female,188.96.217.112
James,Gordon,jgordon74@house.gov,Male,170.34.244.237
Christine,Palmer,cpalmer75@eepurl.com,Female,241.65.120.215
Lillian,Carroll,lcarroll76@cam.ac.uk,Female,107.34.132.239
Chris,Alexander,calexander77@cam.ac.uk,Male,132.62.157.62
Randy,Matthews,rmatthews78@guardian.co.uk,Male,124.205.236.5
Linda,Gardner,lgardner79@nasa.gov,Female,56.61.247.161
Judith,Ortiz,jortiz7a@sciencedaily.com,Female,147.47.42.38
Ronald,Reid,rreid7b@is.gd,Male,197.26.131.107
Wayne,Parker,wparker7c@theglobeandmail.com,Male,243.55.101.157
Martha,Cole,mcole7d@washington.edu,Female,23.114.10.180
Fred,Green,fgreen7e@digg.com,Male,222.18.42.146
Bruce,Robinson,brobinson7f@friendfeed.com,Male,197.165.4.161
Billy,Wilson,bwilson7g@youtu.be,Male,53.247.142.19
Christina,Diaz,cdiaz7h@addtoany.com,Female,82.87.13.161
Michelle,Larson,mlarson7i@indiegogo.com,Female,81.88.16.233
Fred,King,fking7j@cdbaby.com,Male,234.41.156.252
Henry,Wagner,hwagner7k@about.me,Male,62.134.61.234
Linda,Chapman,lchapman7l@ted.com,Female,60.104.230.122
Frances,Torres,ftorres7m@typepad.com,Female,62.154.224.37
Justin,Thompson,jthompson7n@purevolume.com,Male,165.13.243.196
Patrick,Crawford,pcrawford7o@dell.com,Male,171.171.202.244
Scott,Reyes,sreyes7p@pbs.org,Male,140.66.70.3
Christina,Johnson,cjohnson7q@bloomberg.com,Female,203.83.39.112
Antonio,Wilson,awilson7r@cbslocal.com,Male,240.86.108.6
Susan,Hanson,shanson7s@ucoz.com,Female,244.19.163.89
Alan,Ryan,aryan7t@disqus.com,Male,22.29.163.63
Bonnie,Bishop,bbishop7u@sohu.com,Female,200.42.113.239
Stephanie,Perry,sperry7v@pagesperso-orange.fr,Female,93.251.131.131
Brandon,Mcdonald,bmcdonald7w@networkadvertising.org,Male,97.72.21.145
Tina,Walker,twalker7x@guardian.co.uk,Female,140.31.170.244
Peter,Howell,phowell7y@etsy.com,Male,151.221.119.55
Christine,Nelson,cnelson7z@newsvine.com,Female,120.34.76.82
Amanda,Matthews,amatthews80@twitter.com,Female,184.82.171.40
Frances,Martinez,fmartinez81@t-online.de,Female,130.153.157.177
Adam,Ray,aray82@mail.ru,Male,180.235.20.62
Peter,Stanley,pstanley83@cnet.com,Male,12.53.44.182
Ruth,Rogers,rrogers84@mozilla.com,Female,8.106.211.137
Douglas,Clark,dclark85@squarespace.com,Male,102.86.58.42
Russell,Anderson,randerson86@acquirethisname.com,Male,15.218.87.54
Bobby,Carpenter,bcarpenter87@skype.com,Male,243.154.108.212
Anna,Frazier,afrazier88@bloomberg.com,Female,221.192.250.8
Alice,Spencer,aspencer89@example.com,Female,60.106.212.68
Bobby,Franklin,bfranklin8a@walmart.com,Male,64.228.7.214
Stephen,Thomas,sthomas8b@hud.gov,Male,23.229.144.170
Kenneth,Hunter,khunter8c@statcounter.com,Male,201.52.212.194
Willie,Thompson,wthompson8d@dmoz.org,Male,84.148.120.158
Raymond,Scott,rscott8e@seesaa.net,Male,241.89.8.167
Jane,Scott,jscott8f@yolasite.com,Female,186.234.174.239
Christina,Fields,cfields8g@addtoany.com,Female,5.153.140.1
Jean,Armstrong,jarmstrong8h@cornell.edu,Female,214.237.250.11
Paula,Bennett,pbennett8i@telegraph.co.uk,Female,28.252.94.114
Russell,Lee,rlee8j@topsy.com,Male,111.230.214.69
Robin,Graham,rgraham8k@prweb.com,Female,239.202.217.202
Jose,Mason,jmason8l@berkeley.edu,Male,109.174.251.143
Evelyn,Day,eday8m@theguardian.com,Female,81.231.112.92
Brandon,Andrews,bandrews8n@newyorker.com,Male,215.131.68.119
Amy,Arnold,aarnold8o@soundcloud.com,Female,2.184.233.40
Mark,Cox,mcox8p@parallels.com,Male,147.109.157.114
Judy,Nguyen,jnguyen8q@devhub.com,Female,104.2.65.90
Pamela,Snyder,psnyder8r@blogspot.com,Female,35.223.76.241
Rose,Nguyen,rnguyen8s@europa.eu,Female,108.31.207.151
Ruth,Fox,rfox8t@oakley.com,Female,224.91.250.113
Evelyn,James,ejames8u@scientificamerican.com,Female,219.244.107.64
Maria,Morgan,mmorgan8v@utexas.edu,Female,144.227.249.68
Kevin,Ward,kward8w@bing.com,Male,170.173.82.86
Harold,Owens,howens8x@unc.edu,Male,205.245.171.231
Philip,Fields,pfields8y@facebook.com,Male,62.204.173.95
Scott,Foster,sfoster8z@bravesites.com,Male,135.29.26.251
Mark,Lawson,mlawson90@ustream.tv,Male,241.199.201.255
Kathleen,Thompson,kthompson91@ifeng.com,Female,151.54.217.63
Karen,James,kjames92@hatena.ne.jp,Female,56.230.84.248
Robert,Peterson,rpeterson93@ft.com,Male,148.130.48.127
Ashley,Webb,awebb94@bloglovin.com,Female,254.130.127.134
Wanda,Black,wblack95@yahoo.com,Female,250.230.84.245
Jeffrey,Arnold,jarnold96@baidu.com,Male,157.215.193.128
Ruth,Green,rgreen97@blinklist.com,Female,57.177.157.156
Katherine,Cook,kcook98@addtoany.com,Female,97.171.251.17
Heather,Shaw,hshaw99@weather.com,Female,231.81.244.55
Clarence,Richards,crichards9a@msu.edu,Male,79.34.168.130
Eugene,Bell,ebell9b@slashdot.org,Male,197.163.44.205
Catherine,Jenkins,cjenkins9c@dyndns.org,Female,106.93.220.101
Emily,Lawson,elawson9d@bing.com,Female,159.6.158.18
Mildred,Mccoy,mmccoy9e@youtu.be,Female,254.145.237.108
Irene,Stewart,istewart9f@hostgator.com,Female,202.164.33.174
Evelyn,Walker,ewalker9g@discovery.com,Female,174.175.25.151
Jack,Anderson,janderson9h@gmpg.org,Male,150.218.10.245
Paula,Bennett,pbennett9i@webs.com,Female,190.118.49.78
Nicole,Flores,nflores9j@noaa.gov,Female,183.225.166.2
Brandon,Ortiz,bortiz9k@domainmarket.com,Male,130.75.243.179
Joe,Ray,jray9l@imageshack.us,Male,175.104.171.125
Eugene,Riley,eriley9m@princeton.edu,Male,242.213.45.79
Wanda,Fernandez,wfernandez9n@chron.com,Female,116.151.131.240
John,Tucker,jtucker9o@ihg.com,Male,21.241.172.231
Rachel,Brooks,rbrooks9p@wikia.com,Female,250.102.165.242
Deborah,Wright,dwright9q@devhub.com,Female,244.223.252.169
Ronald,Pierce,rpierce9r@vistaprint.com,Male,3.240.109.53
Elizabeth,Cruz,ecruz9s@businessinsider.com,Female,199.9.201.193
Jennifer,Crawford,jcrawford9t@google.co.uk,Female,42.69.37.77
Brian,Banks,bbanks9u@uol.com.br,Male,74.254.158.75
Carl,Cunningham,ccunningham9v@infoseek.co.jp,Male,199.92.83.183
Margaret,Gilbert,mgilbert9w@oracle.com,Female,138.248.148.170
Sarah,Morrison,smorrison9x@businessweek.com,Female,84.169.252.0
Timothy,Greene,tgreene9y@weather.com,Male,186.19.30.115
George,Hunter,ghunter9z@hhs.gov,Male,215.115.165.7
Evelyn,Lee,eleea0@tripod.com,Female,188.127.129.166
Rachel,Sullivan,rsullivana1@i2i.jp,Female,195.75.180.147
Maria,Castillo,mcastilloa2@army.mil,Female,209.7.155.0
Paula,Gutierrez,pgutierreza3@edublogs.org,Female,115.247.193.201
Jean,Bowman,jbowmana4@spiegel.de,Female,154.46.208.167
Norma,Hunter,nhuntera5@pen.io,Female,84.206.144.207
Jeremy,Garza,jgarzaa6@furl.net,Male,132.233.63.153
Larry,Warren,lwarrena7@paginegialle.it,Male,122.120.247.177
Nicole,White,nwhitea8@huffingtonpost.com,Female,230.152.246.238
Jacqueline,Bennett,jbennetta9@hostgator.com,Female,149.56.216.24
Joshua,Phillips,jphillipsaa@state.tx.us,Male,249.132.80.196
Jeremy,Weaver,jweaverab@angelfire.com,Male,111.225.0.185
Linda,Jenkins,ljenkinsac@ovh.net,Female,242.84.0.171
Johnny,Williams,jwilliamsad@msu.edu,Male,130.163.161.253
Diane,Ferguson,dfergusonae@deliciousdays.com,Female,114.150.152.246
Anna,Andrews,aandrewsaf@issuu.com,Female,242.124.63.98
Julia,Wood,jwoodag@google.de,Female,181.142.155.107
Susan,Myers,smyersah@netvibes.com,Female,124.129.21.124
Daniel,Lawson,dlawsonai@java.com,Male,135.30.70.134
Susan,Montgomery,smontgomeryaj@mac.com,Female,252.252.119.114
Joe,Lee,jleeak@yandex.ru,Male,250.229.177.34
Timothy,Wallace,twallaceal@dell.com,Male,131.181.161.108
Jennifer,Stewart,jstewartam@slideshare.net,Female,199.127.32.220
Judy,Russell,jrussellan@csmonitor.com,Female,161.156.28.121
Jeffrey,Austin,jaustinao@techcrunch.com,Male,247.120.137.30
Thomas,Warren,twarrenap@bandcamp.com,Male,222.79.71.158
Wayne,Fox,wfoxaq@cnet.com,Male,240.203.211.23
Frank,Bryant,fbryantar@pagesperso-orange.fr,Male,67.119.112.160
Julie,Bryant,jbryantas@indiegogo.com,Female,34.142.150.58
Gary,Gonzalez,ggonzalezat@ed.gov,Male,177.223.33.248
Victor,King,vkingau@msn.com,Male,14.102.192.56
Diana,Knight,dknightav@amazonaws.com,Female,30.154.72.73
Rose,Bailey,rbaileyaw@illinois.edu,Female,169.87.205.8
Janet,Gomez,jgomezax@google.pl,Female,2.132.103.195
Kimberly,Montgomery,kmontgomeryay@craigslist.org,Female,249.217.134.37
Robert,Collins,rcollinsaz@fotki.com,Male,134.96.124.235
Anthony,Palmer,apalmerb0@smugmug.com,Male,1.164.32.172
Eugene,Owens,eowensb1@pcworld.com,Male,248.64.72.138
Theresa,Gonzalez,tgonzalezb2@theguardian.com,Female,7.85.80.252
Anna,Spencer,aspencerb3@mapquest.com,Female,156.4.11.82
Patricia,Larson,plarsonb4@sohu.com,Female,150.67.242.231
Robin,Watson,rwatsonb5@weather.com,Female,154.33.177.218
James,Diaz,jdiazb6@sbwire.com,Male,33.106.53.68
Antonio,Miller,amillerb7@sakura.ne.jp,Male,30.160.210.108
Richard,Alexander,ralexanderb8@php.net,Male,102.142.160.79
Nancy,White,nwhiteb9@ibm.com,Female,130.20.85.19
Tammy,Campbell,tcampbellba@paypal.com,Female,244.88.106.74
Alan,Tucker,atuckerbb@statcounter.com,Male,235.89.245.37
Eric,Carroll,ecarrollbc@jimdo.com,Male,240.221.176.5
Carl,Black,cblackbd@walmart.com,Male,47.199.78.221
Ernest,Rose,erosebe@posterous.com,Male,213.217.243.136
Scott,Fisher,sfisherbf@tiny.cc,Male,79.60.146.80
Steven,Coleman,scolemanbg@chron.com,Male,248.96.94.29
Dennis,Torres,dtorresbh@japanpost.jp,Male,193.194.211.184
Phillip,Shaw,pshawbi@census.gov,Male,247.1.137.251
Julia,Allen,jallenbj@google.pl,Female,183.23.4.179
Louis,Bishop,lbishopbk@fotki.com,Male,145.10.181.11
Frances,Watson,fwatsonbl@homestead.com,Female,95.3.99.74
Lisa,Mendoza,lmendozabm@nifty.com,Female,73.52.30.169
Carl,Woods,cwoodsbn@nationalgeographic.com,Male,198.133.103.132
Scott,Jones,sjonesbo@myspace.com,Male,152.78.202.55
Laura,Pierce,lpiercebp@sun.com,Female,178.150.180.69
Paul,Coleman,pcolemanbq@i2i.jp,Male,107.87.105.196
Kelly,Cruz,kcruzbr@hc360.com,Female,33.148.177.78
Teresa,Day,tdaybs@alexa.com,Female,200.173.1.215
Robin,Snyder,rsnyderbt@ezinearticles.com,Female,145.76.166.229
Mark,Henry,mhenrybu@wikia.com,Male,19.16.236.139
Christine,Robinson,crobinsonbv@networkadvertising.org,Female,211.161.167.229
Marilyn,Rodriguez,mrodriguezbw@wsj.com,Female,124.49.201.46
Harry,Simpson,hsimpsonbx@ning.com,Male,217.92.206.221
Virginia,Graham,vgrahamby@pagesperso-orange.fr,Female,21.214.85.53
Samuel,Matthews,smatthewsbz@csmonitor.com,Male,193.207.35.114
Roger,Fuller,rfullerc0@examiner.com,Male,242.226.20.45
Virginia,Jacobs,vjacobsc1@google.com.au,Female,50.121.229.123
Sharon,Sanders,ssandersc2@instagram.com,Female,157.205.24.245
Albert,Davis,adavisc3@sourceforge.net,Male,14.34.203.186
Gregory,Nelson,gnelsonc4@baidu.com,Male,79.145.157.55
Chris,Howell,chowellc5@i2i.jp,Male,56.61.141.164
Eric,Carpenter,ecarpenterc6@yelp.com,Male,250.67.116.68
Gary,Stewart,gstewartc7@tinyurl.com,Male,201.149.23.58
Raymond,Stephens,rstephensc8@china.com.cn,Male,23.102.192.113
Lawrence,Owens,lowensc9@google.de,Male,216.125.169.178
Ruth,Harvey,rharveyca@weibo.com,Female,66.36.191.82
Matthew,Parker,mparkercb@ebay.com,Male,95.121.29.0
Diane,Brooks,dbrookscc@opensource.org,Female,182.120.81.152
Betty,Hill,bhillcd@cbslocal.com,Female,106.105.200.240
Gary,Allen,gallence@sciencedirect.com,Male,46.244.50.100
Ryan,Welch,rwelchcf@yahoo.co.jp,Male,63.142.134.129
Lois,Collins,lcollinscg@1und1.de,Female,105.92.155.116
Harold,Mason,hmasonch@answers.com,Male,183.17.138.185
Jennifer,Williams,jwilliamsci@yandex.ru,Female,143.30.227.18
Alan,Rivera,ariveracj@gnu.org,Male,101.231.44.34
Brandon,Ellis,bellisck@issuu.com,Male,156.72.214.103
Victor,Ryan,vryancl@blogger.com,Male,123.93.153.80
Jacqueline,Arnold,jarnoldcm@berkeley.edu,Female,84.214.142.11
Aaron,Boyd,aboydcn@china.com.cn,Male,136.169.37.18
Nicholas,Black,nblackco@flavors.me,Male,131.222.228.127
Billy,Snyder,bsnydercp@go.com,Male,156.197.223.121
Scott,Berry,sberrycq@phoca.cz,Male,129.46.89.0
Ryan,Martin,rmartincr@go.com,Male,197.106.182.16
Jeremy,Spencer,jspencercs@craigslist.org,Male,168.167.243.149
Lawrence,Robertson,lrobertsonct@amazon.com,Male,185.197.40.15
Kathy,Reyes,kreyescu@surveymonkey.com,Female,56.214.165.47
Joe,Rice,jricecv@chron.com,Male,88.146.35.228
Betty,Simmons,bsimmonscw@jugem.jp,Female,168.164.83.123
Louise,Brown,lbrowncx@google.co.jp,Female,25.88.211.42
Rebecca,Harrison,rharrisoncy@redcross.org,Female,181.197.185.197
Irene,Reid,ireidcz@privacy.gov.au,Female,127.107.53.30
Melissa,Anderson,mandersond0@list-manage.com,Female,126.26.153.212
Jeffrey,Greene,jgreened1@ocn.ne.jp,Male,70.196.2.107
Karen,Mcdonald,kmcdonaldd2@vk.com,Female,158.80.102.146
Debra,Ellis,dellisd3@state.gov,Female,67.254.198.107
Tina,Holmes,tholmesd4@state.gov,Female,65.249.19.147
Todd,Cox,tcoxd5@hc360.com,Male,234.142.252.149
Lois,Barnes,lbarnesd6@dropbox.com,Female,83.210.88.123
Ruth,Cole,rcoled7@wisc.edu,Female,10.152.56.40
Phyllis,Simmons,psimmonsd8@tiny.cc,Female,86.188.97.237
Sandra,Oliver,soliverd9@unesco.org,Female,219.122.221.65
Kelly,Gomez,kgomezda@blogs.com,Female,13.242.6.116
Michael,Stephens,mstephensdb@businessweek.com,Male,36.235.111.176
Jonathan,Ruiz,jruizdc@google.cn,Male,194.255.175.191
Kathryn,Evans,kevansdd@loc.gov,Female,203.80.21.123
Randy,Vasquez,rvasquezde@psu.edu,Male,201.68.25.183
Scott,Anderson,sandersondf@wp.com,Male,215.156.207.177
Samuel,Fernandez,sfernandezdg@123-reg.co.uk,Male,208.16.179.121
Fred,Johnston,fjohnstondh@usda.gov,Male,58.161.18.167
Sara,Hunter,shunterdi@baidu.com,Female,154.211.179.81
Jimmy,Myers,jmyersdj@wix.com,Male,197.101.73.115
Rebecca,Ward,rwarddk@bandcamp.com,Female,167.240.100.7
Timothy,Russell,trusselldl@ehow.com,Male,127.209.30.187
Amanda,Smith,asmithdm@bizjournals.com,Female,14.14.132.89
Sara,Kelley,skelleydn@elpais.com,Female,154.7.226.209
Martin,Gardner,mgardnerdo@google.de,Male,254.45.135.207
Ronald,Banks,rbanksdp@timesonline.co.uk,Male,220.111.71.168
Laura,Schmidt,lschmidtdq@japanpost.jp,Female,129.197.151.71
Katherine,Hicks,khicksdr@surveymonkey.com,Female,81.127.236.33
Arthur,Rivera,ariverads@topsy.com,Male,175.14.250.247
Antonio,Payne,apaynedt@squarespace.com,Male,170.9.201.119
Wanda,Perry,wperrydu@constantcontact.com,Female,151.234.85.190
Evelyn,Medina,emedinadv@nba.com,Female,88.9.199.134
