id,name,phone_number,email,pet_name,pet_birthday
1,Harry Medina,33-(197)406-1313,hmedina0@vimeo.com,Harry,10/28/2016
2,Jesse Woods,55-(130)469-5223,jwoods1@tamu.edu,Jesse,9/20/2015
3,Christine Hudson,86-(208)279-3897,chudson2@dailymail.co.uk,Christine,2/12/2011
4,Phyllis Bradley,48-(944)710-7937,pbradley3@blogtalkradio.com,Phyllis,8/2/2015
5,Wayne Williamson,381-(400)154-1516,wwilliamson4@blogger.com,Wayne,12/5/2008
6,Joan Thompson,31-(898)425-6890,jthompson5@issuu.com,Joan,6/21/2014
7,Tammy Jenkins,86-(112)328-9055,tjenkins6@yolasite.com,Tammy,6/10/2014
8,Eric Graham,7-(323)652-5111,egraham7@apache.org,Eric,10/23/2010
9,Harry Henderson,1-(488)793-0190,hhenderson8@phpbb.com,Harry,1/25/2011
10,Patricia Bradley,98-(488)776-8505,pbradley9@imgur.com,Patricia,5/14/2009
11,Lisa Andrews,55-(222)924-4655,landrewsa@cbslocal.com,Lisa,9/9/2010
12,Timothy Ross,57-(731)699-6544,trossb@apache.org,Timothy,7/27/2010
13,Jimmy Grant,55-(246)333-9460,jgrantc@spiegel.de,Jimmy,1/16/2009
14,Billy Alvarez,975-(869)777-8674,balvarezd@addtoany.com,Billy,10/30/2016
15,Edward Williams,30-(684)910-0582,ewilliamse@shutterfly.com,Edward,5/21/2007
16,Bobby Wells,62-(645)629-1458,bwellsf@skyrock.com,Bobby,8/4/2015
17,Daniel Stephens,62-(378)329-0698,dstephensg@usnews.com,Daniel,11/3/2009
18,Randy Gonzales,27-(539)727-7943,rgonzalesh@sourceforge.net,Randy,6/8/2006
19,Diane Kennedy,86-(270)278-1768,dkennedyi@feedburner.com,Diane,5/21/2014
20,Scott Austin,86-(163)631-0431,saustinj@seesaa.net,Scott,2/7/2008
21,Katherine Gray,1-(167)416-6735,kgrayk@google.com.br,Katherine,3/14/2008
22,Scott Clark,233-(189)285-7546,sclarkl@altervista.org,Scott,10/30/2005
23,Joe Nelson,33-(238)930-9898,jnelsonm@alexa.com,Joe,8/9/2010
24,Janet Ortiz,86-(160)482-5041,jortizn@virginia.edu,Janet,7/23/2012
25,Evelyn Jenkins,502-(143)925-1619,ejenkinso@so-net.ne.jp,Evelyn,9/25/2005
26,Nicole Castillo,46-(160)595-9432,ncastillop@live.com,Nicole,4/25/2016
27,Julia Henry,591-(673)290-4835,jhenryq@lycos.com,Julia,8/16/2010
28,Dennis Hansen,370-(219)195-7962,dhansenr@cyberchimps.com,Dennis,4/16/2015
29,Janice Hansen,1-(639)118-4454,jhansens@microsoft.com,Janice,7/28/2005
30,Joyce Crawford,86-(628)874-6367,jcrawfordt@boston.com,Joyce,9/26/2005
31,Joyce Williams,7-(502)698-2275,jwilliamsu@histats.com,Joyce,4/11/2011
32,Diana Burke,355-(176)259-6108,dburkev@ca.gov,Diana,12/14/2004
33,Lori Johnston,375-(122)750-3347,ljohnstonw@examiner.com,Lori,7/31/2008
34,Aaron Simmons,86-(125)572-5440,asimmonsx@google.co.jp,Aaron,4/24/2013
35,Dorothy Ray,233-(917)679-6110,drayy@craigslist.org,Dorothy,5/17/2014
36,Albert Mccoy,420-(828)289-1277,amccoyz@twitter.com,Albert,9/1/2013
37,Matthew Scott,46-(488)410-9526,mscott10@usa.gov,Matthew,8/18/2012
38,Melissa Clark,86-(174)708-2695,mclark11@istockphoto.com,Melissa,8/16/2007
39,Kelly Hunt,31-(679)618-2311,khunt12@intel.com,Kelly,9/5/2008
40,Wanda Armstrong,33-(591)614-3278,warmstrong13@hhs.gov,Wanda,5/21/2015
41,Mary Wilson,351-(155)915-3658,mwilson14@comsenz.com,Mary,4/29/2011
42,Alan Hamilton,62-(639)204-6534,ahamilton15@who.int,Alan,2/16/2014
43,Ryan Shaw,86-(901)173-6832,rshaw16@cornell.edu,Ryan,1/25/2016
44,Marilyn Gonzales,55-(569)793-7547,mgonzales17@sogou.com,Marilyn,6/17/2013
45,Lawrence Nguyen,86-(499)257-4943,lnguyen18@epa.gov,Lawrence,6/8/2015
46,Richard Ray,55-(147)551-3272,rray19@drupal.org,Richard,11/6/2009
47,Howard Martinez,86-(894)432-7853,hmartinez1a@google.co.jp,Howard,10/23/2009
48,Christopher Robertson,62-(766)333-4319,crobertson1b@howstuffworks.com,Christopher,3/31/2014
49,Beverly Mitchell,420-(481)517-3281,bmitchell1c@comsenz.com,Beverly,2/16/2015
50,James Schmidt,55-(191)824-9825,jschmidt1d@bloomberg.com,James,9/24/2006
51,Aaron Thompson,51-(587)713-5800,athompson1e@is.gd,Aaron,5/17/2005
52,Kevin Warren,351-(545)219-6362,kwarren1f@usgs.gov,Kevin,5/23/2014
53,Amy Stanley,62-(267)879-6894,astanley1g@slideshare.net,Amy,2/7/2013
54,Barbara Perry,372-(401)883-2120,bperry1h@lulu.com,Barbara,7/17/2016
55,Benjamin Banks,48-(416)269-5001,bbanks1i@cbc.ca,Benjamin,2/4/2009
56,Carlos Bishop,1-(913)233-1878,cbishop1j@mail.ru,Carlos,11/2/2005
57,Ruby Williamson,54-(635)540-5828,rwilliamson1k@issuu.com,Ruby,5/16/2015
58,Kathryn Stanley,62-(114)343-5135,kstanley1l@plala.or.jp,Kathryn,4/17/2005
59,William Reynolds,381-(828)726-4810,wreynolds1m@yolasite.com,William,11/29/2015
60,Ralph Fox,63-(913)536-8883,rfox1n@hexun.com,Ralph,12/28/2008
61,Frances Ruiz,84-(127)825-2820,fruiz1o@bloglovin.com,Frances,4/23/2007
62,Barbara Owens,216-(595)851-1558,bowens1p@gnu.org,Barbara,4/27/2012
63,Annie Fernandez,1-(773)952-9159,afernandez1q@spiegel.de,Annie,2/16/2011
64,Carol West,970-(148)427-7547,cwest1r@un.org,Carol,4/4/2015
65,Cheryl Willis,86-(180)591-0487,cwillis1s@independent.co.uk,Cheryl,4/1/2010
66,Tina Dixon,81-(767)271-0232,tdixon1t@google.com.br,Tina,6/29/2009
67,Carlos Dunn,1-(601)680-0078,cdunn1u@cbsnews.com,Carlos,8/10/2005
68,Kathy George,51-(205)175-9203,kgeorge1v@prlog.org,Kathy,10/23/2006
69,Mildred Day,234-(871)750-2654,mday1w@alibaba.com,Mildred,8/24/2015
70,Betty Baker,48-(182)843-3143,bbaker1x@berkeley.edu,Betty,10/31/2015
71,Julie Carpenter,46-(153)183-8920,jcarpenter1y@parallels.com,Julie,11/13/2013
72,Roy Wallace,55-(574)958-7699,rwallace1z@cornell.edu,Roy,2/22/2015
73,Mildred Owens,93-(253)520-6362,mowens20@alibaba.com,Mildred,4/10/2015
74,Patricia Hernandez,33-(251)302-2105,phernandez21@oracle.com,Patricia,7/7/2007
75,Mildred Cunningham,66-(316)877-9302,mcunningham22@dion.ne.jp,Mildred,2/2/2006
76,Harold Ortiz,351-(658)703-4830,hortiz23@etsy.com,Harold,1/19/2010
77,Jack Hayes,86-(639)404-8474,jhayes24@webmd.com,Jack,1/14/2012
78,Arthur Tucker,387-(269)571-0164,atucker25@ameblo.jp,Arthur,11/5/2011
79,Kelly Harper,57-(340)587-2305,kharper26@cafepress.com,Kelly,3/29/2010
80,Amy Reed,98-(960)452-6629,areed27@shareasale.com,Amy,4/17/2014
81,Phyllis Fuller,86-(663)823-6964,pfuller28@thetimes.co.uk,Phyllis,9/7/2013
82,Pamela Jordan,33-(687)956-2643,pjordan29@utexas.edu,Pamela,11/24/2013
83,Douglas Spencer,62-(184)539-8023,dspencer2a@springer.com,Douglas,3/26/2015
84,Paul Dixon,967-(640)421-9207,pdixon2b@etsy.com,Paul,7/11/2013
85,Frank Moreno,46-(238)287-9527,fmoreno2c@statcounter.com,Frank,5/7/2014
86,Maria Lawson,62-(757)792-7239,mlawson2d@devhub.com,Maria,8/23/2009
87,Julia Harris,56-(416)328-3306,jharris2e@oracle.com,Julia,12/24/2007
88,Sara Garcia,351-(679)888-3162,sgarcia2f@ibm.com,Sara,6/24/2012
89,Louis Flores,63-(725)191-4211,lflores2g@mashable.com,Louis,9/12/2009
90,Jane Carroll,62-(173)963-9453,jcarroll2h@ted.com,Jane,4/10/2011
91,Marilyn Simpson,49-(131)811-7180,msimpson2i@mtv.com,Marilyn,10/8/2006
92,Kathy Rose,86-(985)286-4115,krose2j@disqus.com,Kathy,10/10/2016
93,Scott Hicks,380-(612)792-3820,shicks2k@microsoft.com,Scott,5/20/2011
94,Thomas Woods,86-(977)179-6968,twoods2l@pinterest.com,Thomas,4/16/2009
95,Michael Wright,46-(992)478-3536,mwright2m@mlb.com,Michael,5/22/2005
96,Joe Little,595-(636)676-1077,jlittle2n@prweb.com,Joe,1/18/2011
97,Nicholas Stanley,235-(489)541-2758,nstanley2o@deliciousdays.com,Nicholas,12/13/2010
98,Patrick Jordan,420-(267)455-3352,pjordan2p@macromedia.com,Patrick,7/9/2013
99,Jeremy Mills,48-(840)403-4993,jmills2q@google.com,Jeremy,9/16/2012
100,Joshua Frazier,86-(853)193-3364,jfrazier2r@tiny.cc,Joshua,6/26/2015
